Unit;LoC;NOC;CBO;DIT;RFC;WMC;LCOM;LCOM2;LCOM3;NoA;NoPA;NoM;NoPM;NoI;Ca;Ce;CCC;LMLoC;LPL;TLoC;CLoC;FLoC;ECC;FCC;HCC;TCC;RCo;SCo;HCo;NoR;NoS;NoH;TFC;NoCA;NoCI;NoCRN;NoDR;NoEH;NoGH;NoGS;NoNPB;NoOC;NoOCA;NoSF;NoSKS
org.apache.hadoop.hbase.util.Methods;34.0;0.0;22.0;1.0;8.0;5.0;0.0;0.0;0.0;1.0;0.0;1.0;1.0;18.0;2.0;22.0;6.0;30.0;5.0;2.0;20.0;0.0;19.0;0.0;9.0;2.0;4.0;1.0;5.0;7.0;1.0;5.0;0.0;0.0;0.0;0.0;0.0;0.0;0.0;1.0;1.0;0.0;0.0;0.0;0.0
org.apache.hadoop.hbase.security.UserProvider;152.0;0.0;42.0;2.0;32.0;14.0;34.0;0.8333333333333334;0.9375;4.0;0.0;9.0;9.0;35.0;4.0;41.0;23.0;54.0;3.0;2.0;1.0;0.0;7.0;0.0;2.0;2.0;0.0;1.0;1.0;0.0;3.0;1.0;3.0;0.0;1.0;0.0;0.0;0.0;1.0;0.0;1.0;0.0;0.0;0.0;0.0
org.apache.hadoop.hbase.types.OrderedInt64;39.0;0.0;21.0;2.0;9.0;8.0;20.0;1.0;1.1666666666666667;2.0;2.0;7.0;7.0;5.0;1.0;17.0;15.0;3.0;2.0;0.0;0.0;0.0;1.0;0.0;0.0;0.0;1.0;0.0;0.0;1.0;0.0;0.0;0.0;0.0;0.0;0.0;0.0;0.0;0.0;0.0;0.0;0.0;0.0;0.0;0.0
org.apache.hadoop.hbase.util.test.LoadTestKVGenerator;85.0;0.0;19.0;1.0;17.0;10.0;6.0;0.75;1.0;5.0;0.0;4.0;3.0;17.0;0.0;0.0;16.0;12.0;2.0;0.0;0.0;0.0;1.0;0.0;0.0;0.0;1.0;0.0;0.0;1.0;0.0;0.0;0.0;0.0;0.0;0.0;0.0;0.0;0.0;0.0;0.0;0.0;0.0;0.0;0.0
org.apache.hadoop.hbase.CompoundConfiguration$ImmutableConfWrapper;36.0;0.0;13.0;1.0;12.0;6.0;0.0;0.0;0.0;1.0;0.0;6.0;6.0;7.0;2.0;13.0;12.0;2.0;1.0;0.0;0.0;0.0;1.0;0.0;0.0;0.0;0.0;1.0;0.0;0.0;1.0;0.0;0.0;0.0;0.0;0.0;0.0;0.0;0.0;0.0;0.0;0.0;0.0;0.0;0.0
org.apache.hadoop.hbase.trace.HBaseHTraceConfiguration;52.0;0.0;13.0;2.0;9.0;6.0;0.0;0.25;0.3333333333333333;3.0;1.0;4.0;3.0;19.0;3.0;13.0;10.0;15.0;2.0;0.0;0.0;0.0;0.0;0.0;0.0;0.0;0.0;0.0;0.0;0.0;0.0;0.0;0.0;0.0;0.0;0.0;0.0;0.0;0.0;0.0;0.0;0.0;0.0;0.0;0.0
org.apache.hadoop.hbase.util.FastLongHistogram$Bins;179.0;0.0;14.0;1.0;13.0;36.0;4.0;0.6;0.75;9.0;0.0;5.0;2.0;28.0;0.0;0.0;41.0;73.0;2.0;0.0;0.0;0.0;0.0;0.0;0.0;0.0;0.0;0.0;0.0;0.0;0.0;0.0;0.0;0.0;0.0;0.0;0.0;0.0;0.0;0.0;0.0;0.0;0.0;0.0;0.0
org.apache.hadoop.hbase.types.StructBuilder;22.0;0.0;13.0;1.0;7.0;3.0;0.0;0.0;0.0;1.0;0.0;3.0;3.0;5.0;1.0;9.0;6.0;0.0;1.0;0.0;0.0;0.0;0.0;0.0;0.0;0.0;0.0;0.0;0.0;0.0;0.0;0.0;0.0;0.0;0.0;0.0;0.0;0.0;0.0;0.0;0.0;0.0;0.0;0.0;0.0
org.apache.hadoop.hbase.AsyncConsoleAppender;18.0;0.0;10.0;3.0;4.0;0.0;0.0;0.0;0.0;1.0;0.0;2.0;2.0;5.0;1.0;11.0;2.0;3.0;1.0;0.0;0.0;0.0;0.0;0.0;0.0;0.0;0.0;0.0;0.0;0.0;0.0;0.0;0.0;0.0;0.0;0.0;0.0;0.0;0.0;0.0;0.0;0.0;0.0;0.0;0.0
org.apache.hadoop.hbase.util.RetryCounterFactory;22.0;0.0;10.0;1.0;1.0;1.0;0.0;0.0;0.0;1.0;0.0;1.0;1.0;3.0;1.0;11.0;2.0;2.0;0.0;0.0;0.0;0.0;0.0;0.0;0.0;0.0;0.0;0.0;0.0;0.0;0.0;0.0;0.0;0.0;0.0;0.0;0.0;0.0;0.0;0.0;0.0;0.0;0.0;0.0;0.0
org.apache.hadoop.hbase.util.MD5Hash;32.0;0.0;17.0;1.0;7.0;2.0;1.0;1.0;2.0;1.0;0.0;2.0;2.0;7.0;2.0;14.0;4.0;10.0;3.0;4.0;2.0;0.0;4.0;0.0;1.0;2.0;1.0;0.0;1.0;1.0;0.0;1.0;0.0;0.0;0.0;0.0;0.0;0.0;0.0;0.0;1.0;0.0;0.0;0.0;0.0
org.apache.hadoop.hbase.io.encoding.CompressionState;88.0;2.0;15.0;1.0;12.0;3.0;8.0;0.625;0.78125;8.0;0.0;5.0;0.0;12.0;5.0;15.0;8.0;31.0;5.0;0.0;0.0;0.0;0.0;0.0;0.0;0.0;0.0;0.0;0.0;0.0;0.0;0.0;0.0;0.0;0.0;0.0;0.0;0.0;0.0;0.0;0.0;0.0;0.0;0.0;0.0
org.apache.hadoop.hbase.io.encoding.BufferedDataBlockEncoder$SeekerState;235.0;2.0;24.0;1.0;51.0;35.0;328.0;0.8688172043010752;0.8977777777777778;15.0;0.0;31.0;25.0;34.0;9.0;23.0;66.0;28.0;2.0;0.0;0.0;0.0;4.0;0.0;0.0;0.0;1.0;0.0;0.0;4.0;0.0;0.0;0.0;0.0;0.0;0.0;0.0;0.0;0.0;0.0;0.0;0.0;0.0;0.0;0.0
org.apache.hadoop.hbase.CompoundConfiguration;366.0;0.0;41.0;2.0;42.0;58.0;54.0;0.43333333333333335;0.4642857142857143;2.0;0.0;15.0;14.0;76.0;2.0;33.0;79.0;52.0;2.0;0.0;0.0;0.0;7.0;0.0;0.0;0.0;2.0;2.0;0.0;4.0;3.0;0.0;1.0;0.0;0.0;0.0;0.0;0.0;0.0;0.0;0.0;0.0;0.0;0.0;0.0
org.apache.hadoop.hbase.ChoreService$ChoreServiceThreadFactory;18.0;0.0;11.0;1.0;3.0;1.0;0.0;0.0;0.0;3.0;0.0;1.0;1.0;3.0;2.0;11.0;2.0;5.0;1.0;0.0;0.0;0.0;0.0;0.0;0.0;0.0;0.0;0.0;0.0;0.0;0.0;0.0;0.0;0.0;0.0;0.0;0.0;0.0;0.0;0.0;0.0;0.0;0.0;0.0;0.0
org.apache.hadoop.hbase.util.DefaultEnvironmentEdge;10.0;0.0;9.0;1.0;2.0;1.0;0.0;1.0;0.0;0.0;0.0;1.0;1.0;2.0;2.0;9.0;2.0;2.0;0.0;0.0;0.0;0.0;0.0;0.0;0.0;0.0;0.0;0.0;0.0;0.0;0.0;0.0;0.0;0.0;0.0;0.0;0.0;0.0;0.0;0.0;0.0;0.0;0.0;0.0;0.0
org.apache.hadoop.hbase.io.encoding.DiffKeyDeltaEncoder$DiffCompressionState;14.0;0.0;8.0;2.0;4.0;0.0;0.0;0.5;1.0;2.0;0.0;2.0;0.0;3.0;2.0;8.0;2.0;4.0;1.0;0.0;0.0;0.0;0.0;0.0;0.0;0.0;0.0;0.0;0.0;0.0;0.0;0.0;0.0;0.0;0.0;0.0;0.0;0.0;0.0;0.0;0.0;0.0;0.0;0.0;0.0
org.apache.hadoop.hbase.util.Pair;100.0;0.0;18.0;1.0;14.0;18.0;25.0;0.7037037037037037;0.7916666666666667;3.0;0.0;9.0;8.0;11.0;4.0;14.0;27.0;7.0;2.0;0.0;0.0;0.0;0.0;0.0;0.0;0.0;0.0;0.0;0.0;0.0;0.0;0.0;0.0;0.0;0.0;0.0;0.0;0.0;0.0;0.0;0.0;0.0;0.0;0.0;0.0
org.apache.hadoop.hbase.codec.CellCodecWithTags$CellEncoder;37.0;0.0;11.0;2.0;26.0;0.0;0.0;1.0;0.0;0.0;0.0;2.0;1.0;33.0;2.0;11.0;2.0;18.0;3.0;0.0;0.0;0.0;2.0;0.0;0.0;0.0;0.0;1.0;0.0;0.0;2.0;0.0;6.0;0.0;0.0;0.0;0.0;0.0;0.0;0.0;0.0;0.0;0.0;0.0;0.0
org.apache.hadoop.hbase.util.OrderedBytes;1488.0;0.0;35.0;1.0;137.0;332.0;1093.0;0.9440677966101695;0.960344827586207;30.0;3.0;59.0;45.0;557.0;12.0;32.0;391.0;103.0;5.0;0.0;0.0;0.0;15.0;0.0;0.0;0.0;2.0;0.0;0.0;15.0;0.0;0.0;0.0;0.0;0.0;0.0;0.0;0.0;0.0;0.0;0.0;0.0;0.0;0.0;0.0
org.apache.hadoop.hbase.codec.CellCodec$CellDecoder;33.0;0.0;13.0;2.0;8.0;2.0;0.0;1.0;0.0;0.0;0.0;2.0;0.0;14.0;2.0;15.0;4.0;14.0;1.0;0.0;0.0;0.0;2.0;0.0;0.0;0.0;0.0;1.0;0.0;0.0;2.0;0.0;4.0;0.0;0.0;0.0;0.0;0.0;0.0;0.0;0.0;0.0;0.0;0.0;0.0
org.apache.hadoop.hbase.io.encoding.EncoderBufferTooSmallException;5.0;0.0;7.0;3.0;0.0;0.0;0.0;1.0;0.0;1.0;0.0;0.0;0.0;1.0;5.0;7.0;0.0;0.0;0.0;0.0;0.0;0.0;0.0;0.0;0.0;0.0;0.0;0.0;0.0;0.0;0.0;0.0;0.0;0.0;0.0;0.0;0.0;0.0;0.0;0.0;0.0;0.0;0.0;0.0;0.0
org.apache.hadoop.hbase.types.RawByte;51.0;0.0;20.0;1.0;17.0;11.0;0.0;1.0;0.0;0.0;0.0;11.0;11.0;13.0;1.0;17.0;22.0;4.0;3.0;0.0;0.0;0.0;0.0;0.0;0.0;0.0;0.0;0.0;0.0;0.0;0.0;0.0;0.0;0.0;0.0;0.0;0.0;0.0;0.0;0.0;0.0;0.0;0.0;0.0;0.0
org.apache.hadoop.hbase.util.AbstractPositionedByteRange;242.0;2.0;18.0;2.0;56.0;26.0;633.0;0.725;0.7435897435897436;2.0;0.0;40.0;38.0;19.0;3.0;18.0;66.0;6.0;4.0;0.0;0.0;0.0;0.0;0.0;0.0;0.0;0.0;0.0;0.0;0.0;0.0;0.0;0.0;0.0;0.0;0.0;0.0;0.0;0.0;0.0;0.0;0.0;0.0;0.0;0.0
org.apache.hadoop.hbase.util.Counter$Container;16.0;0.0;5.0;1.0;0.0;0.0;0.0;1.0;0.0;2.0;0.0;0.0;0.0;2.0;2.0;5.0;0.0;0.0;0.0;0.0;0.0;0.0;0.0;0.0;0.0;0.0;0.0;0.0;0.0;0.0;0.0;0.0;0.0;0.0;0.0;0.0;0.0;0.0;0.0;0.0;0.0;0.0;0.0;0.0;0.0
org.apache.hadoop.hbase.util.DynamicClassLoader;190.0;0.0;32.0;4.0;38.0;35.0;0.0;0.625;0.8333333333333334;10.0;0.0;4.0;1.0;61.0;1.0;32.0;40.0;69.0;1.0;15.0;25.0;0.0;23.0;0.0;11.0;8.0;2.0;1.0;3.0;2.0;2.0;6.0;1.0;0.0;1.0;0.0;0.0;0.0;0.0;0.0;6.0;0.0;0.0;0.0;0.0
org.apache.hadoop.hbase.codec.BaseDecoder$PBIS;8.0;0.0;7.0;3.0;1.0;0.0;0.0;1.0;0.0;0.0;0.0;1.0;1.0;1.0;2.0;7.0;1.0;3.0;1.0;0.0;0.0;0.0;0.0;0.0;0.0;0.0;0.0;0.0;0.0;0.0;0.0;0.0;0.0;0.0;0.0;0.0;0.0;0.0;0.0;0.0;0.0;0.0;0.0;0.0;0.0
org.apache.hadoop.hbase.util.Strings;86.0;0.0;13.0;1.0;15.0;12.0;15.0;0.8333333333333334;1.0;2.0;2.0;6.0;6.0;16.0;3.0;14.0;18.0;6.0;5.0;0.0;0.0;0.0;1.0;0.0;0.0;0.0;1.0;0.0;0.0;1.0;0.0;0.0;0.0;0.0;0.0;0.0;0.0;0.0;0.0;0.0;0.0;0.0;0.0;0.0;0.0
org.apache.hadoop.hbase.io.crypto.DefaultCipherProvider;45.0;0.0;19.0;1.0;8.0;8.0;14.0;0.75;0.9;2.0;0.0;6.0;6.0;4.0;2.0;16.0;14.0;6.0;1.0;0.0;0.0;0.0;1.0;0.0;0.0;0.0;1.0;0.0;0.0;1.0;0.0;0.0;0.0;0.0;0.0;0.0;0.0;0.0;0.0;0.0;0.0;0.0;0.0;0.0;0.0
org.apache.hadoop.hbase.util.JVM;272.0;0.0;29.0;1.0;31.0;37.0;28.0;0.7714285714285715;0.8571428571428572;7.0;0.0;10.0;9.0;63.0;4.0;29.0;51.0;53.0;1.0;47.0;13.0;56.0;44.0;11.0;13.0;20.0;0.0;0.0;2.0;0.0;0.0;12.0;0.0;0.0;1.0;0.0;0.0;0.0;1.0;0.0;12.0;0.0;0.0;0.0;0.0
org.apache.hadoop.hbase.types.OrderedNumeric;67.0;0.0;25.0;2.0;20.0;24.0;25.0;1.0;1.1428571428571428;2.0;2.0;8.0;8.0;17.0;1.0;21.0;32.0;13.0;2.0;0.0;0.0;0.0;0.0;0.0;0.0;0.0;0.0;0.0;0.0;0.0;0.0;0.0;0.0;0.0;0.0;0.0;0.0;0.0;0.0;0.0;0.0;0.0;0.0;0.0;0.0
org.apache.hadoop.hbase.util.ConcatenatedLists;134.0;0.0;28.0;1.0;24.0;17.0;93.0;0.7333333333333334;0.7857142857142857;2.0;0.0;15.0;15.0;26.0;2.0;18.0;40.0;11.0;1.0;0.0;0.0;0.0;8.0;0.0;0.0;0.0;2.0;0.0;0.0;8.0;0.0;0.0;0.0;0.0;0.0;0.0;0.0;0.0;0.0;0.0;0.0;0.0;0.0;0.0;0.0
org.apache.hadoop.hbase.codec.KeyValueCodecWithTags$KeyValueEncoder;10.0;0.0;10.0;2.0;3.0;0.0;0.0;1.0;0.0;0.0;0.0;1.0;1.0;3.0;2.0;11.0;1.0;4.0;1.0;0.0;0.0;0.0;1.0;0.0;0.0;0.0;0.0;1.0;0.0;0.0;1.0;0.0;2.0;0.0;0.0;0.0;0.0;0.0;0.0;0.0;0.0;0.0;0.0;0.0;0.0
org.apache.hadoop.hbase.io.encoding.FastDiffDeltaEncoder$FastDiffCompressionState;37.0;0.0;15.0;2.0;11.0;0.0;1.0;0.33333333333333337;0.5;2.0;0.0;3.0;0.0;12.0;2.0;15.0;3.0;11.0;2.0;0.0;0.0;0.0;1.0;0.0;0.0;0.0;0.0;1.0;0.0;0.0;1.0;0.0;1.0;0.0;0.0;0.0;0.0;0.0;0.0;0.0;0.0;0.0;0.0;0.0;0.0
org.apache.hadoop.hbase.util.test.RedundantKVGenerator;367.0;0.0;31.0;1.0;46.0;43.0;209.0;0.9491978609625669;0.9943977591036415;34.0;0.0;22.0;21.0;57.0;0.0;0.0;65.0;79.0;2.0;0.0;0.0;0.0;0.0;0.0;0.0;0.0;0.0;0.0;0.0;0.0;0.0;0.0;0.0;0.0;0.0;0.0;0.0;0.0;0.0;0.0;0.0;0.0;0.0;0.0;0.0
org.apache.hadoop.hbase.util.ByteRangeUtils;45.0;0.0;25.0;1.0;14.0;12.0;0.0;1.0;0.0;0.0;0.0;5.0;5.0;23.0;1.0;18.0;17.0;10.0;3.0;0.0;0.0;0.0;2.0;0.0;0.0;0.0;0.0;1.0;0.0;0.0;2.0;0.0;0.0;0.0;0.0;0.0;0.0;0.0;0.0;0.0;0.0;0.0;0.0;0.0;0.0
org.apache.hadoop.hbase.CellComparator;468.0;0.0;31.0;1.0;74.0;109.0;561.0;1.0;1.0303030303030303;1.0;0.0;34.0;28.0;221.0;17.0;15.0;144.0;65.0;6.0;0.0;0.0;0.0;4.0;0.0;0.0;0.0;1.0;0.0;0.0;4.0;0.0;0.0;0.0;0.0;0.0;0.0;0.0;0.0;0.0;0.0;0.0;0.0;0.0;0.0;0.0
org.apache.hadoop.hbase.types.CopyOnWriteArrayMap$ArrayKeyIterator;23.0;0.0;16.0;1.0;4.0;2.0;2.0;0.33333333333333337;0.5;2.0;0.0;3.0;3.0;2.0;3.0;12.0;5.0;2.0;0.0;0.0;0.0;0.0;1.0;0.0;0.0;0.0;1.0;0.0;0.0;1.0;0.0;0.0;0.0;0.0;0.0;0.0;0.0;0.0;0.0;0.0;0.0;0.0;0.0;0.0;0.0
org.apache.hadoop.hbase.types.Union4;36.0;0.0;22.0;3.0;9.0;8.0;7.0;0.4;0.5;1.0;0.0;5.0;5.0;8.0;1.0;13.0;13.0;2.0;1.0;0.0;0.0;0.0;0.0;0.0;0.0;0.0;0.0;0.0;0.0;0.0;0.0;0.0;0.0;0.0;0.0;0.0;0.0;0.0;0.0;0.0;0.0;0.0;0.0;0.0;0.0
org.apache.hadoop.hbase.util.WeakObjectPool;156.0;0.0;27.0;1.0;10.0;12.0;0.0;0.6666666666666667;1.0;5.0;2.0;3.0;3.0;14.0;3.0;11.0;16.0;24.0;1.0;0.0;0.0;0.0;1.0;0.0;0.0;0.0;1.0;0.0;0.0;1.0;0.0;0.0;0.0;0.0;0.0;0.0;0.0;0.0;0.0;0.0;0.0;0.0;0.0;0.0;0.0
org.apache.hadoop.hbase.types.Union2;50.0;1.0;22.0;1.0;11.0;9.0;18.0;0.5714285714285714;0.6666666666666666;2.0;0.0;7.0;7.0;9.0;2.0;15.0;16.0;3.0;1.0;0.0;0.0;0.0;1.0;0.0;0.0;0.0;1.0;0.0;0.0;1.0;0.0;0.0;0.0;0.0;0.0;0.0;0.0;0.0;0.0;0.0;0.0;0.0;0.0;0.0;0.0
org.apache.hadoop.hbase.types.Union3;36.0;1.0;21.0;2.0;9.0;8.0;7.0;0.4;0.5;1.0;0.0;5.0;5.0;8.0;2.0;13.0;13.0;2.0;1.0;0.0;0.0;0.0;0.0;0.0;0.0;0.0;0.0;0.0;0.0;0.0;0.0;0.0;0.0;0.0;0.0;0.0;0.0;0.0;0.0;0.0;0.0;0.0;0.0;0.0;0.0
org.apache.hadoop.hbase.io.compress.Compression$FinishOnFlushCompressionStream;16.0;0.0;10.0;3.0;6.0;0.0;0.0;1.0;0.0;0.0;0.0;2.0;2.0;5.0;2.0;10.0;2.0;5.0;3.0;0.0;0.0;0.0;2.0;0.0;0.0;0.0;0.0;1.0;0.0;0.0;2.0;0.0;0.0;0.0;0.0;0.0;0.0;0.0;0.0;0.0;0.0;0.0;0.0;0.0;0.0
org.apache.hadoop.hbase.types.RawBytesFixedLength;30.0;0.0;14.0;2.0;4.0;2.0;0.0;1.0;0.0;0.0;0.0;2.0;2.0;4.0;1.0;10.0;4.0;2.0;4.0;0.0;0.0;0.0;0.0;0.0;0.0;0.0;0.0;0.0;0.0;0.0;0.0;0.0;0.0;0.0;0.0;0.0;0.0;0.0;0.0;0.0;0.0;0.0;0.0;0.0;0.0
org.apache.hadoop.hbase.util.SimpleMutableByteRange;183.0;0.0;19.0;2.0;19.0;33.0;0.0;1.0;0.0;0.0;0.0;12.0;12.0;23.0;2.0;16.0;45.0;15.0;4.0;0.0;0.0;0.0;0.0;0.0;0.0;0.0;0.0;0.0;0.0;0.0;0.0;0.0;0.0;0.0;0.0;0.0;0.0;0.0;0.0;0.0;0.0;0.0;0.0;0.0;0.0
org.apache.hadoop.hbase.Tag;220.0;0.0;24.0;1.0;27.0;26.0;65.0;0.8557692307692308;0.9270833333333334;8.0;4.0;13.0;10.0;27.0;14.0;18.0;41.0;13.0;4.0;0.0;0.0;0.0;2.0;0.0;0.0;0.0;1.0;0.0;0.0;2.0;0.0;0.0;0.0;0.0;0.0;0.0;0.0;0.0;0.0;0.0;0.0;0.0;0.0;0.0;0.0
org.apache.hadoop.hbase.io.compress.ReusableStreamGzipCodec$ReusableGzipOutputStream;134.0;0.0;24.0;2.0;12.0;0.0;0.0;1.0;1.2;2.0;0.0;6.0;6.0;34.0;3.0;25.0;15.0;2.0;3.0;4.0;2.0;7.0;13.0;2.0;2.0;2.0;1.0;1.0;1.0;1.0;6.0;2.0;7.0;0.0;0.0;0.0;0.0;0.0;0.0;0.0;2.0;0.0;0.0;0.0;0.0
org.apache.hadoop.hbase.io.ImmutableBytesWritable$Comparator;15.0;0.0;15.0;2.0;2.0;1.0;0.0;0.0;0.0;1.0;0.0;1.0;1.0;2.0;2.0;12.0;2.0;2.0;6.0;0.0;0.0;0.0;0.0;0.0;0.0;0.0;0.0;0.0;0.0;0.0;0.0;0.0;0.0;0.0;0.0;0.0;0.0;0.0;0.0;0.0;0.0;0.0;0.0;0.0;0.0
org.apache.hadoop.hbase.AuthUtil;99.0;0.0;31.0;1.0;23.0;11.0;3.0;0.5;0.6666666666666666;2.0;0.0;4.0;4.0;25.0;3.0;29.0;15.0;53.0;1.0;5.0;5.0;0.0;8.0;0.0;3.0;2.0;2.0;1.0;2.0;2.0;1.0;3.0;3.0;0.0;0.0;0.0;0.0;0.0;0.0;0.0;2.0;0.0;0.0;0.0;0.0
org.apache.hadoop.hbase.types.PBType;63.0;0.0;19.0;1.0;13.0;7.0;0.0;1.0;0.0;0.0;0.0;7.0;7.0;12.0;1.0;16.0;14.0;6.0;1.0;0.0;0.0;0.0;0.0;0.0;0.0;0.0;0.0;0.0;0.0;0.0;0.0;0.0;0.0;0.0;0.0;0.0;0.0;0.0;0.0;0.0;0.0;0.0;0.0;0.0;0.0
org.apache.hadoop.hbase.TableName;469.0;0.0;34.0;1.0;55.0;94.0;334.0;0.9548872180451128;0.9902534113060428;19.0;10.0;28.0;26.0;99.0;4.0;26.0;128.0;26.0;4.0;0.0;0.0;0.0;10.0;0.0;0.0;0.0;2.0;1.0;0.0;9.0;1.0;0.0;0.0;0.0;0.0;0.0;0.0;0.0;0.0;0.0;0.0;0.0;0.0;0.0;0.0
org.apache.hadoop.hbase.util.MurmurHash3;59.0;0.0;14.0;2.0;2.0;7.0;1.0;0.5;1.0;1.0;0.0;2.0;2.0;1.0;2.0;14.0;9.0;49.0;4.0;0.0;0.0;0.0;0.0;0.0;0.0;0.0;0.0;0.0;0.0;0.0;0.0;0.0;0.0;0.0;0.0;0.0;0.0;0.0;0.0;0.0;0.0;0.0;0.0;0.0;0.0
org.apache.hadoop.hbase.io.LimitInputStream;69.0;0.0;15.0;3.0;14.0;12.0;0.0;0.33333333333333337;0.4;2.0;0.0;6.0;6.0;13.0;0.0;0.0;18.0;11.0;3.0;0.0;0.0;0.0;7.0;0.0;0.0;0.0;1.0;1.0;0.0;2.0;5.0;0.0;0.0;0.0;0.0;0.0;0.0;0.0;0.0;0.0;0.0;0.0;0.0;0.0;0.0
org.apache.hadoop.hbase.util.RetryCounter$ExponentialBackoffPolicy;5.0;1.0;9.0;2.0;3.0;1.0;0.0;1.0;0.0;0.0;0.0;1.0;1.0;3.0;4.0;9.0;2.0;3.0;2.0;0.0;0.0;0.0;0.0;0.0;0.0;0.0;0.0;0.0;0.0;0.0;0.0;0.0;0.0;0.0;0.0;0.0;0.0;0.0;0.0;0.0;0.0;0.0;0.0;0.0;0.0
org.apache.hadoop.hbase.util.Hash;111.0;3.0;16.0;1.0;16.0;24.0;26.0;0.78125;0.8928571428571429;4.0;4.0;8.0;8.0;14.0;4.0;16.0;32.0;11.0;4.0;0.0;0.0;0.0;0.0;0.0;0.0;0.0;0.0;0.0;0.0;0.0;0.0;0.0;0.0;0.0;0.0;0.0;0.0;0.0;0.0;0.0;0.0;0.0;0.0;0.0;0.0
org.apache.hadoop.hbase.io.util.LRUDictionary$BidirectionalLRUMap$Node;30.0;2.0;10.0;1.0;5.0;4.0;0.0;0.4;0.6;5.0;0.0;3.0;2.0;3.0;5.0;7.0;7.0;8.0;3.0;0.0;0.0;0.0;0.0;0.0;0.0;0.0;0.0;0.0;0.0;0.0;0.0;0.0;0.0;0.0;0.0;0.0;0.0;0.0;0.0;0.0;0.0;0.0;0.0;0.0;0.0
org.apache.hadoop.hbase.types.CopyOnWriteArrayMap$ArrayValueCollection;83.0;0.0;20.0;1.0;16.0;5.0;102.0;0.8;0.8571428571428571;1.0;0.0;15.0;15.0;3.0;2.0;14.0;20.0;2.0;1.0;0.0;0.0;0.0;10.0;0.0;0.0;0.0;1.0;0.0;0.0;10.0;0.0;0.0;0.0;0.0;0.0;0.0;0.0;0.0;0.0;0.0;0.0;0.0;0.0;0.0;0.0
org.apache.hadoop.hbase.util.MurmurHash;57.0;0.0;12.0;2.0;2.0;7.0;1.0;0.5;1.0;1.0;0.0;2.0;2.0;1.0;2.0;12.0;9.0;49.0;4.0;0.0;0.0;0.0;0.0;0.0;0.0;0.0;0.0;0.0;0.0;0.0;0.0;0.0;0.0;0.0;0.0;0.0;0.0;0.0;0.0;0.0;0.0;0.0;0.0;0.0;0.0
org.apache.hadoop.hbase.util.PairOfSameType;79.0;0.0;21.0;1.0;13.0;25.0;16.0;0.5714285714285714;0.6666666666666666;2.0;0.0;7.0;6.0;13.0;1.0;18.0;32.0;21.0;2.0;0.0;0.0;0.0;2.0;0.0;0.0;0.0;2.0;0.0;0.0;2.0;0.0;0.0;0.0;0.0;0.0;0.0;0.0;0.0;0.0;0.0;0.0;0.0;0.0;0.0;0.0
org.apache.hadoop.hbase.types.CopyOnWriteArrayMap$COWEntry;24.0;0.0;8.0;1.0;3.0;3.0;2.0;0.5;0.75;2.0;0.0;3.0;3.0;1.0;7.0;7.0;6.0;4.0;1.0;0.0;0.0;0.0;0.0;0.0;0.0;0.0;0.0;0.0;0.0;0.0;0.0;0.0;0.0;0.0;0.0;0.0;0.0;0.0;0.0;0.0;0.0;0.0;0.0;0.0;0.0
org.apache.hadoop.hbase.types.CopyOnWriteArrayMap$ArrayValueIterator;23.0;0.0;16.0;1.0;4.0;2.0;2.0;0.33333333333333337;0.5;2.0;0.0;3.0;3.0;2.0;3.0;12.0;5.0;2.0;0.0;0.0;0.0;0.0;1.0;0.0;0.0;0.0;1.0;0.0;0.0;1.0;0.0;0.0;0.0;0.0;0.0;0.0;0.0;0.0;0.0;0.0;0.0;0.0;0.0;0.0;0.0
org.apache.hadoop.hbase.io.util.LRUDictionary$BidirectionalLRUMap;141.0;0.0;16.0;1.0;15.0;17.0;4.0;0.5;0.6;6.0;0.0;6.0;0.0;19.0;5.0;19.0;27.0;24.0;3.0;0.0;0.0;0.0;0.0;0.0;0.0;0.0;0.0;0.0;0.0;0.0;0.0;0.0;0.0;0.0;0.0;0.0;0.0;0.0;0.0;0.0;0.0;0.0;0.0;0.0;0.0
org.apache.hadoop.hbase.types.OrderedBlobVar;30.0;0.0;18.0;2.0;9.0;5.0;10.0;1.0;1.25;2.0;2.0;5.0;5.0;5.0;1.0;14.0;10.0;2.0;4.0;0.0;0.0;0.0;0.0;0.0;0.0;0.0;0.0;0.0;0.0;0.0;0.0;0.0;0.0;0.0;0.0;0.0;0.0;0.0;0.0;0.0;0.0;0.0;0.0;0.0;0.0
org.apache.hadoop.hbase.io.crypto.aes.AESEncryptor;72.0;0.0;27.0;1.0;14.0;8.0;28.0;0.7555555555555555;0.85;5.0;0.0;9.0;7.0;7.0;2.0;27.0;17.0;13.0;1.0;5.0;2.0;0.0;6.0;0.0;2.0;2.0;1.0;0.0;2.0;2.0;0.0;2.0;0.0;0.0;0.0;0.0;0.0;0.0;0.0;0.0;1.0;0.0;0.0;0.0;0.0
org.apache.hadoop.hbase.types.RawDouble;52.0;0.0;21.0;1.0;18.0;11.0;0.0;1.0;0.0;0.0;0.0;11.0;11.0;15.0;1.0;18.0;22.0;4.0;3.0;0.0;0.0;0.0;0.0;0.0;0.0;0.0;0.0;0.0;0.0;0.0;0.0;0.0;0.0;0.0;0.0;0.0;0.0;0.0;0.0;0.0;0.0;0.0;0.0;0.0;0.0
org.apache.hadoop.hbase.util.ChecksumFactory;63.0;0.0;22.0;1.0;12.0;4.0;5.0;0.5;0.6666666666666666;1.0;0.0;4.0;2.0;12.0;0.0;0.0;8.0;11.0;1.0;9.0;4.0;0.0;16.0;0.0;4.0;5.0;2.0;2.0;3.0;4.0;3.0;4.0;2.0;0.0;0.0;0.0;0.0;0.0;1.0;0.0;3.0;0.0;0.0;0.0;0.0
org.apache.hadoop.hbase.types.FixedLengthWrapper;72.0;2.0;22.0;1.0;24.0;14.0;21.0;0.44999999999999996;0.5;2.0;0.0;10.0;10.0;20.0;3.0;17.0;24.0;14.0;2.0;0.0;0.0;0.0;3.0;0.0;0.0;0.0;1.0;0.0;0.0;3.0;0.0;0.0;0.0;0.0;0.0;0.0;0.0;0.0;0.0;0.0;0.0;0.0;0.0;0.0;0.0
org.apache.hadoop.hbase.util.UnsafeAccess;120.0;0.0;29.0;1.0;10.0;9.0;3.0;0.6875;0.9166666666666666;4.0;2.0;4.0;3.0;29.0;13.0;34.0;17.0;16.0;5.0;3.0;1.0;0.0;3.0;0.0;1.0;2.0;0.0;0.0;1.0;0.0;0.0;1.0;0.0;0.0;0.0;0.0;0.0;0.0;1.0;0.0;1.0;0.0;0.0;0.0;0.0
org.apache.hadoop.hbase.codec.CellCodecWithTags$CellDecoder;33.0;0.0;12.0;2.0;8.0;2.0;0.0;1.0;0.0;0.0;0.0;2.0;0.0;15.0;2.0;15.0;4.0;15.0;1.0;0.0;0.0;0.0;2.0;0.0;0.0;0.0;0.0;1.0;0.0;0.0;2.0;0.0;5.0;0.0;0.0;0.0;0.0;0.0;0.0;0.0;0.0;0.0;0.0;0.0;0.0
org.apache.hadoop.hbase.util.BoundedCompletionService$QueueingFuture;9.0;0.0;10.0;2.0;2.0;0.0;0.0;1.0;0.0;0.0;0.0;1.0;0.0;2.0;2.0;7.0;1.0;2.0;0.0;0.0;0.0;0.0;0.0;0.0;0.0;0.0;0.0;0.0;0.0;0.0;0.0;0.0;0.0;0.0;0.0;0.0;0.0;0.0;0.0;0.0;0.0;0.0;0.0;0.0;0.0
org.apache.hadoop.hbase.types.OrderedString;24.0;0.0;18.0;2.0;7.0;4.0;6.0;1.0;1.3333333333333333;2.0;2.0;4.0;4.0;4.0;1.0;14.0;8.0;3.0;2.0;0.0;0.0;0.0;0.0;0.0;0.0;0.0;0.0;0.0;0.0;0.0;0.0;0.0;0.0;0.0;0.0;0.0;0.0;0.0;0.0;0.0;0.0;0.0;0.0;0.0;0.0
org.apache.hadoop.hbase.JitterScheduledThreadPoolExecutorImpl$JitteredRunnableScheduledFuture;68.0;0.0;21.0;1.0;24.0;12.0;10.0;0.09090909090909094;0.1;1.0;0.0;11.0;11.0;14.0;2.0;19.0;23.0;7.0;2.0;0.0;0.0;0.0;2.0;0.0;0.0;0.0;0.0;3.0;0.0;0.0;5.0;0.0;0.0;0.0;0.0;0.0;0.0;0.0;0.0;0.0;0.0;0.0;0.0;0.0;2.0
org.apache.hadoop.hbase.util.CollectionUtils;74.0;0.0;20.0;1.0;15.0;22.0;36.0;0.8888888888888888;1.0;1.0;0.0;9.0;9.0;14.0;2.0;6.0;31.0;8.0;2.0;0.0;0.0;0.0;0.0;0.0;0.0;0.0;0.0;0.0;0.0;0.0;0.0;0.0;0.0;0.0;0.0;0.0;0.0;0.0;0.0;0.0;0.0;0.0;0.0;0.0;0.0
org.apache.hadoop.hbase.io.compress.Compression;411.0;0.0;56.0;1.0;16.0;11.0;6.0;1.0;1.3333333333333333;1.0;0.0;4.0;3.0;81.0;8.0;53.0;67.0;22.0;6.0;19.0;4.0;3.0;23.0;2.0;4.0;9.0;2.0;1.0;1.0;7.0;1.0;4.0;2.0;0.0;0.0;0.0;0.0;0.0;0.0;0.0;5.0;0.0;0.0;1.0;0.0
org.apache.hadoop.hbase.HBaseInterfaceAudience;13.0;0.0;9.0;1.0;0.0;0.0;0.0;1.0;0.0;5.0;5.0;0.0;0.0;1.0;13.0;6.0;0.0;0.0;0.0;0.0;0.0;0.0;0.0;0.0;0.0;0.0;0.0;0.0;0.0;0.0;0.0;0.0;0.0;0.0;0.0;0.0;0.0;0.0;0.0;0.0;0.0;0.0;0.0;0.0;0.0
org.apache.hadoop.hbase.io.ByteBufferInputStream;74.0;0.0;14.0;2.0;12.0;12.0;0.0;0.0;0.0;1.0;0.0;4.0;4.0;13.0;1.0;14.0;16.0;16.0;3.0;0.0;0.0;0.0;0.0;0.0;0.0;0.0;0.0;0.0;0.0;0.0;0.0;0.0;0.0;0.0;0.0;0.0;0.0;0.0;0.0;0.0;0.0;0.0;0.0;0.0;0.0
org.apache.hadoop.hbase.NamespaceDescriptor$Builder;36.0;0.0;16.0;1.0;7.0;5.0;0.0;0.375;0.5;2.0;0.0;4.0;4.0;5.0;2.0;12.0;9.0;8.0;2.0;0.0;0.0;0.0;1.0;0.0;0.0;0.0;1.0;0.0;0.0;1.0;0.0;0.0;0.0;0.0;0.0;0.0;0.0;0.0;0.0;0.0;0.0;0.0;0.0;0.0;0.0
org.apache.hadoop.hbase.codec.BaseDecoder;71.0;4.0;25.0;1.0;15.0;8.0;6.0;0.6;0.75;3.0;0.0;5.0;2.0;13.0;10.0;25.0;13.0;15.0;1.0;2.0;3.0;0.0;9.0;0.0;2.0;2.0;2.0;1.0;2.0;2.0;3.0;2.0;2.0;0.0;0.0;0.0;0.0;0.0;1.0;0.0;2.0;0.0;0.0;0.0;0.0
org.apache.hadoop.hbase.KeyValue$KVComparator;514.0;1.0;25.0;1.0;67.0;98.0;0.0;1.0;0.0;0.0;0.0;26.0;17.0;124.0;3.0;26.0;124.0;79.0;12.0;0.0;0.0;0.0;3.0;0.0;0.0;0.0;1.0;1.0;0.0;2.0;1.0;0.0;0.0;0.0;0.0;0.0;0.0;0.0;0.0;0.0;0.0;0.0;0.0;0.0;0.0
org.apache.hadoop.hbase.util.SimplePositionedByteRange;174.0;0.0;20.0;3.0;30.0;11.0;0.0;1.0;0.0;0.0;0.0;24.0;24.0;12.0;1.0;17.0;35.0;5.0;4.0;0.0;0.0;0.0;19.0;0.0;0.0;0.0;1.0;0.0;0.0;19.0;0.0;0.0;0.0;0.0;0.0;0.0;0.0;0.0;0.0;0.0;0.0;0.0;0.0;0.0;0.0
org.apache.hadoop.hbase.codec.KeyValueCodec$KeyValueDecoder;7.0;0.0;8.0;2.0;2.0;1.0;0.0;1.0;0.0;0.0;0.0;1.0;0.0;2.0;2.0;9.0;2.0;2.0;0.0;0.0;0.0;0.0;1.0;0.0;0.0;0.0;0.0;1.0;0.0;0.0;1.0;0.0;1.0;0.0;0.0;0.0;0.0;0.0;0.0;0.0;0.0;0.0;0.0;0.0;0.0
org.apache.hadoop.hbase.util.AtomicUtils;34.0;0.0;9.0;1.0;4.0;10.0;0.0;1.0;0.0;0.0;0.0;2.0;2.0;5.0;1.0;9.0;12.0;11.0;2.0;0.0;0.0;0.0;0.0;0.0;0.0;0.0;0.0;0.0;0.0;0.0;0.0;0.0;0.0;0.0;0.0;0.0;0.0;0.0;0.0;0.0;0.0;0.0;0.0;0.0;0.0
org.apache.hadoop.hbase.HBaseConfiguration;276.0;0.0;41.0;2.0;53.0;27.0;88.0;0.7857142857142857;0.8461538461538461;1.0;0.0;14.0;12.0;70.0;6.0;36.0;41.0;33.0;4.0;16.0;14.0;0.0;22.0;0.0;7.0;5.0;2.0;2.0;7.0;5.0;5.0;7.0;3.0;0.0;2.0;0.0;0.0;0.0;0.0;1.0;2.0;0.0;0.0;0.0;0.0
org.apache.hadoop.hbase.types.RawLong;51.0;0.0;21.0;1.0;18.0;11.0;0.0;1.0;0.0;0.0;0.0;11.0;11.0;15.0;1.0;18.0;22.0;4.0;3.0;0.0;0.0;0.0;0.0;0.0;0.0;0.0;0.0;0.0;0.0;0.0;0.0;0.0;0.0;0.0;0.0;0.0;0.0;0.0;0.0;0.0;0.0;0.0;0.0;0.0;0.0
org.apache.hadoop.hbase.NoTagsKeyValue;8.0;0.0;8.0;2.0;1.0;1.0;0.0;1.0;0.0;0.0;0.0;1.0;1.0;1.0;5.0;13.0;2.0;2.0;0.0;0.0;0.0;0.0;0.0;0.0;0.0;0.0;0.0;0.0;0.0;0.0;0.0;0.0;0.0;0.0;0.0;0.0;0.0;0.0;0.0;0.0;0.0;0.0;0.0;0.0;0.0
org.apache.hadoop.hbase.util.BoundedCompletionService;43.0;0.0;27.0;1.0;9.0;4.0;4.0;0.5833333333333333;0.7777777777777777;3.0;0.0;4.0;4.0;8.0;2.0;21.0;8.0;5.0;2.0;0.0;0.0;0.0;2.0;0.0;0.0;0.0;0.0;1.0;0.0;0.0;2.0;0.0;0.0;0.0;0.0;0.0;0.0;0.0;0.0;0.0;0.0;0.0;0.0;0.0;0.0
org.apache.hadoop.hbase.HBaseIOException;17.0;3.0;11.0;3.0;0.0;0.0;0.0;1.0;0.0;1.0;0.0;0.0;0.0;4.0;4.0;8.0;0.0;0.0;0.0;0.0;0.0;0.0;0.0;0.0;0.0;0.0;0.0;0.0;0.0;0.0;0.0;0.0;0.0;0.0;0.0;0.0;0.0;0.0;0.0;0.0;0.0;0.0;0.0;0.0;0.0
org.apache.hadoop.hbase.JitterScheduledThreadPoolExecutorImpl;98.0;0.0;28.0;3.0;2.0;2.0;1.0;1.0;2.0;1.0;0.0;2.0;0.0;15.0;3.0;26.0;16.0;2.0;2.0;0.0;0.0;0.0;0.0;0.0;0.0;0.0;0.0;0.0;0.0;0.0;0.0;0.0;0.0;0.0;0.0;0.0;0.0;0.0;0.0;0.0;0.0;0.0;0.0;0.0;0.0
org.apache.hadoop.hbase.util.KeyLocker;53.0;0.0;24.0;1.0;9.0;5.0;0.0;0.5;1.0;2.0;0.0;2.0;2.0;12.0;2.0;22.0;8.0;17.0;1.0;0.0;0.0;0.0;1.0;0.0;0.0;0.0;1.0;0.0;0.0;1.0;0.0;0.0;0.0;0.0;0.0;0.0;0.0;0.0;0.0;0.0;0.0;0.0;0.0;0.0;0.0
org.apache.hadoop.hbase.io.encoding.EncodedDataBlock$BufferGrabbingByteArrayOutputStream;6.0;0.0;7.0;3.0;1.0;0.0;0.0;0.0;0.0;1.0;0.0;1.0;1.0;1.0;0.0;0.0;1.0;2.0;3.0;0.0;0.0;0.0;0.0;0.0;0.0;0.0;0.0;0.0;0.0;0.0;0.0;0.0;0.0;0.0;0.0;0.0;0.0;0.0;0.0;0.0;0.0;0.0;0.0;0.0;0.0
org.apache.hadoop.hbase.io.encoding.HFileBlockDefaultDecodingContext;67.0;0.0;27.0;1.0;20.0;6.0;4.0;0.5;0.6666666666666666;2.0;0.0;4.0;4.0;19.0;7.0;27.0;10.0;43.0;4.0;0.0;0.0;0.0;1.0;0.0;0.0;0.0;0.0;1.0;0.0;0.0;1.0;0.0;1.0;0.0;0.0;0.0;0.0;0.0;0.0;0.0;0.0;0.0;0.0;0.0;0.0
org.apache.hadoop.hbase.io.TimeRange;190.0;0.0;21.0;1.0;18.0;28.0;30.0;0.6909090909090909;0.76;5.0;2.0;11.0;9.0;22.0;1.0;19.0;39.0;9.0;2.0;0.0;0.0;0.0;2.0;0.0;0.0;0.0;1.0;0.0;0.0;2.0;0.0;0.0;0.0;0.0;0.0;0.0;0.0;0.0;0.0;0.0;0.0;0.0;0.0;0.0;0.0
org.apache.hadoop.hbase.io.BoundedByteBufferPool;86.0;0.0;21.0;1.0;16.0;12.0;0.0;0.1875;0.375;8.0;0.0;2.0;2.0;22.0;0.0;0.0;14.0;25.0;1.0;9.0;0.0;2.0;6.0;2.0;0.0;4.0;0.0;0.0;0.0;0.0;0.0;0.0;0.0;0.0;0.0;0.0;0.0;0.0;0.0;0.0;2.0;0.0;0.0;0.0;0.0
org.apache.hadoop.hbase.io.crypto.Cipher;89.0;2.0;19.0;1.0;11.0;1.0;55.0;0.9090909090909091;1.0;1.0;0.0;11.0;11.0;1.0;11.0;16.0;12.0;2.0;3.0;0.0;0.0;0.0;4.0;0.0;0.0;0.0;0.0;1.0;0.0;0.0;4.0;0.0;0.0;0.0;0.0;0.0;0.0;0.0;0.0;0.0;0.0;0.0;0.0;0.0;0.0
org.apache.hadoop.hbase.security.User;398.0;1.0;51.0;1.0;40.0;28.0;174.0;0.8412698412698413;0.8833333333333334;3.0;2.0;21.0;21.0;49.0;6.0;41.0;64.0;9.0;4.0;18.0;18.0;0.0;41.0;0.0;14.0;8.0;4.0;2.0;7.0;12.0;10.0;13.0;4.0;0.0;1.0;0.0;0.0;0.0;6.0;0.0;5.0;0.0;0.0;0.0;3.0
org.apache.hadoop.hbase.types.CopyOnWriteArrayMap;936.0;0.0;66.0;2.0;51.0;91.0;448.0;0.6578947368421053;0.6756756756756757;2.0;0.0;38.0;38.0;92.0;9.0;39.0;178.0;19.0;4.0;0.0;0.0;0.0;52.0;0.0;0.0;0.0;2.0;0.0;0.0;52.0;0.0;0.0;0.0;0.0;0.0;0.0;0.0;0.0;0.0;0.0;0.0;0.0;0.0;0.0;0.0
org.apache.hadoop.hbase.types.RawFloat;51.0;0.0;21.0;1.0;18.0;11.0;0.0;1.0;0.0;0.0;0.0;11.0;11.0;15.0;1.0;18.0;22.0;4.0;3.0;0.0;0.0;0.0;0.0;0.0;0.0;0.0;0.0;0.0;0.0;0.0;0.0;0.0;0.0;0.0;0.0;0.0;0.0;0.0;0.0;0.0;0.0;0.0;0.0;0.0;0.0
org.apache.hadoop.hbase.exceptions.TimeoutIOException;15.0;0.0;8.0;3.0;0.0;0.0;0.0;1.0;0.0;0.0;0.0;0.0;0.0;4.0;1.0;8.0;0.0;0.0;0.0;0.0;0.0;0.0;0.0;0.0;0.0;0.0;0.0;0.0;0.0;0.0;0.0;0.0;0.0;0.0;0.0;0.0;0.0;0.0;0.0;0.0;0.0;0.0;0.0;0.0;0.0
org.apache.hadoop.hbase.HConstants;1222.0;0.0;38.0;1.0;0.0;0.0;0.0;1.0;0.0;305.0;305.0;0.0;0.0;30.0;37.0;35.0;0.0;0.0;0.0;0.0;0.0;0.0;0.0;0.0;0.0;0.0;0.0;0.0;0.0;0.0;0.0;0.0;0.0;0.0;0.0;0.0;0.0;0.0;0.0;0.0;0.0;0.0;0.0;0.0;0.0
org.apache.hadoop.hbase.KeyValue$RawBytesComparator;58.0;0.0;13.0;2.0;21.0;13.0;0.0;1.0;0.0;0.0;0.0;5.0;5.0;29.0;0.0;0.0;18.0;23.0;6.0;0.0;0.0;0.0;0.0;0.0;0.0;0.0;0.0;0.0;0.0;0.0;0.0;0.0;0.0;0.0;0.0;0.0;0.0;0.0;0.0;0.0;0.0;0.0;0.0;0.0;0.0
org.apache.hadoop.hbase.types.OrderedFloat64;39.0;0.0;21.0;2.0;9.0;8.0;20.0;1.0;1.1666666666666667;2.0;2.0;7.0;7.0;5.0;1.0;17.0;15.0;3.0;2.0;0.0;0.0;0.0;1.0;0.0;0.0;0.0;1.0;0.0;0.0;1.0;0.0;0.0;0.0;0.0;0.0;0.0;0.0;0.0;0.0;0.0;0.0;0.0;0.0;0.0;0.0
org.apache.hadoop.hbase.io.crypto.aes.AES;124.0;0.0;33.0;2.0;30.0;14.0;63.0;0.9551282051282052;1.0419580419580419;13.0;8.0;12.0;10.0;42.0;4.0;33.0;28.0;9.0;3.0;9.0;3.0;0.0;14.0;0.0;2.0;7.0;1.0;1.0;1.0;1.0;4.0;2.0;0.0;0.0;0.0;0.0;0.0;0.0;0.0;0.0;2.0;0.0;0.0;0.0;0.0
org.apache.hadoop.hbase.codec.KeyValueCodec;35.0;0.0;21.0;1.0;2.0;2.0;0.0;1.0;0.0;0.0;0.0;2.0;2.0;6.0;6.0;31.0;5.0;2.0;1.0;0.0;0.0;0.0;0.0;0.0;0.0;0.0;0.0;0.0;0.0;0.0;0.0;0.0;3.0;0.0;0.0;0.0;0.0;0.0;0.0;0.0;0.0;0.0;0.0;0.0;0.0
org.apache.hadoop.hbase.util.Threads;264.0;0.0;43.0;1.0;46.0;26.0;90.0;0.9142857142857143;0.9846153846153847;5.0;1.0;14.0;14.0;56.0;2.0;50.0;40.0;28.0;4.0;13.0;14.0;0.0;17.0;0.0;6.0;8.0;1.0;1.0;5.0;2.0;1.0;6.0;0.0;0.0;2.0;0.0;3.0;0.0;0.0;0.0;6.0;1.0;0.0;0.0;0.0
org.apache.hadoop.hbase.KeyValue;2794.0;3.0;68.0;1.0;182.0;169.0;3308.0;0.9660852713178295;0.9774509803921568;24.0;17.0;86.0;75.0;514.0;48.0;60.0;433.0;52.0;17.0;0.0;0.0;0.0;30.0;0.0;0.0;0.0;3.0;3.0;0.0;22.0;8.0;0.0;6.0;0.0;0.0;0.0;0.0;0.0;0.0;0.0;0.0;0.0;0.0;0.0;0.0
org.apache.hadoop.hbase.util.Bytes;2326.0;0.0;87.0;1.0;243.0;387.0;5914.0;0.984297520661157;0.9924999999999999;20.0;12.0;121.0;113.0;256.0;101.0;90.0;558.0;85.0;6.0;9.0;4.0;0.0;36.0;0.0;5.0;5.0;7.0;1.0;2.0;20.0;6.0;3.0;2.0;0.0;1.0;1.0;0.0;0.0;3.0;0.0;3.0;0.0;0.0;0.0;0.0
org.apache.hadoop.hbase.util.JenkinsHash;217.0;0.0;21.0;2.0;11.0;21.0;3.0;0.6666666666666667;1.0;2.0;0.0;3.0;3.0;22.0;2.0;23.0;24.0;157.0;4.0;3.0;0.0;1.0;4.0;1.0;0.0;2.0;0.0;1.0;0.0;0.0;1.0;0.0;0.0;0.0;0.0;0.0;0.0;0.0;0.0;0.0;1.0;0.0;0.0;0.0;0.0
org.apache.hadoop.hbase.types.Struct;113.0;0.0;23.0;1.0;19.0;23.0;49.0;0.8181818181818181;0.9;3.0;0.0;11.0;11.0;17.0;2.0;18.0;39.0;12.0;2.0;0.0;0.0;0.0;1.0;0.0;0.0;0.0;1.0;0.0;0.0;1.0;0.0;0.0;0.0;0.0;0.0;0.0;0.0;0.0;0.0;0.0;0.0;0.0;0.0;0.0;0.0
org.apache.hadoop.hbase.trace.SpanReceiverHost;72.0;0.0;24.0;1.0;14.0;12.0;2.0;0.5333333333333333;0.8;5.0;1.0;3.0;3.0;14.0;1.0;24.0;15.0;19.0;1.0;1.0;1.0;0.0;2.0;0.0;1.0;1.0;0.0;0.0;1.0;0.0;0.0;1.0;0.0;0.0;0.0;0.0;0.0;0.0;0.0;0.0;1.0;0.0;0.0;0.0;0.0
org.apache.hadoop.hbase.io.encoding.BufferedDataBlockEncoder$BufferedEncodedSeeker;288.0;0.0;37.0;1.0;64.0;51.0;97.0;0.7619047619047619;0.8067226890756303;7.0;0.0;18.0;10.0;82.0;6.0;36.0;70.0;106.0;4.0;3.0;2.0;0.0;8.0;0.0;2.0;2.0;2.0;0.0;2.0;4.0;0.0;2.0;1.0;0.0;0.0;0.0;0.0;0.0;1.0;0.0;2.0;0.0;0.0;0.0;0.0
org.apache.hadoop.hbase.io.ByteBufferOutputStream;124.0;1.0;23.0;2.0;31.0;7.0;26.0;0.5454545454545454;0.6;2.0;0.0;11.0;9.0;32.0;2.0;24.0;18.0;16.0;3.0;0.0;0.0;0.0;8.0;0.0;0.0;0.0;1.0;1.0;0.0;2.0;6.0;0.0;0.0;0.0;0.0;0.0;0.0;0.0;0.0;0.0;0.0;0.0;0.0;0.0;0.0
org.apache.hadoop.hbase.types.RawBytes;62.0;0.0;18.0;1.0;21.0;11.0;54.0;0.9696969696969697;1.0666666666666667;3.0;2.0;11.0;11.0;15.0;3.0;15.0;22.0;4.0;4.0;0.0;0.0;0.0;0.0;0.0;0.0;0.0;0.0;0.0;0.0;0.0;0.0;0.0;0.0;0.0;0.0;0.0;0.0;0.0;0.0;0.0;0.0;0.0;0.0;0.0;0.0
org.apache.hadoop.hbase.CellUtil;901.0;0.0;65.0;1.0;163.0;170.0;0.0;1.0;0.0;0.0;0.0;76.0;74.0;325.0;12.0;65.0;246.0;61.0;9.0;0.0;0.0;0.0;11.0;0.0;0.0;0.0;2.0;1.0;0.0;4.0;7.0;0.0;6.0;0.0;0.0;0.0;0.0;0.0;0.0;0.0;0.0;0.0;0.0;0.0;0.0
org.apache.hadoop.hbase.io.crypto.aes.AESDecryptor;64.0;0.0;27.0;1.0;13.0;6.0;22.0;0.71875;0.8214285714285714;4.0;0.0;8.0;6.0;7.0;2.0;27.0;14.0;12.0;1.0;4.0;2.0;0.0;7.0;0.0;2.0;2.0;2.0;0.0;2.0;3.0;0.0;2.0;0.0;0.0;0.0;0.0;0.0;0.0;0.0;0.0;1.0;0.0;0.0;0.0;0.0
org.apache.hadoop.hbase.zookeeper.ZKConfig;450.0;0.0;34.0;1.0;62.0;58.0;71.0;0.8769230769230769;0.9500000000000001;5.0;0.0;13.0;9.0;117.0;3.0;23.0;74.0;57.0;2.0;2.0;6.0;0.0;13.0;0.0;2.0;3.0;1.0;1.0;1.0;5.0;3.0;2.0;2.0;0.0;0.0;0.0;0.0;0.0;0.0;0.0;2.0;0.0;0.0;0.0;0.0
org.apache.hadoop.hbase.codec.KeyValueCodec$KeyValueEncoder;10.0;0.0;10.0;2.0;3.0;0.0;0.0;1.0;0.0;0.0;0.0;1.0;1.0;3.0;2.0;11.0;1.0;4.0;1.0;0.0;0.0;0.0;1.0;0.0;0.0;0.0;0.0;1.0;0.0;0.0;1.0;0.0;2.0;0.0;0.0;0.0;0.0;0.0;0.0;0.0;0.0;0.0;0.0;0.0;0.0
org.apache.hadoop.hbase.security.User$SecureHadoopUser;141.0;0.0;32.0;2.0;21.0;13.0;36.0;0.8888888888888888;1.0;2.0;0.0;9.0;9.0;19.0;3.0;24.0;22.0;21.0;4.0;14.0;17.0;0.0;34.0;0.0;13.0;6.0;4.0;2.0;6.0;11.0;7.0;12.0;2.0;0.0;1.0;0.0;0.0;0.0;5.0;0.0;4.0;0.0;0.0;0.0;3.0
org.apache.hadoop.hbase.types.TerminatedWrapper;126.0;2.0;24.0;1.0;29.0;28.0;13.0;0.35;0.3888888888888889;2.0;0.0;10.0;9.0;40.0;3.0;19.0;40.0;16.0;2.0;0.0;0.0;0.0;4.0;0.0;0.0;0.0;1.0;0.0;0.0;4.0;0.0;0.0;0.0;0.0;0.0;0.0;0.0;0.0;0.0;0.0;0.0;0.0;0.0;0.0;0.0
org.apache.hadoop.hbase.types.RawBytesTerminated;50.0;0.0;15.0;2.0;4.0;2.0;0.0;1.0;0.0;0.0;0.0;2.0;2.0;6.0;1.0;11.0;4.0;2.0;4.0;0.0;0.0;0.0;0.0;0.0;0.0;0.0;0.0;0.0;0.0;0.0;0.0;0.0;0.0;0.0;0.0;0.0;0.0;0.0;0.0;0.0;0.0;0.0;0.0;0.0;0.0
org.apache.hadoop.hbase.util.RetryCounter$BackoffPolicy;3.0;1.0;6.0;1.0;2.0;1.0;0.0;1.0;0.0;0.0;0.0;1.0;1.0;2.0;4.0;6.0;2.0;2.0;2.0;0.0;0.0;0.0;0.0;0.0;0.0;0.0;0.0;0.0;0.0;0.0;0.0;0.0;0.0;0.0;0.0;0.0;0.0;0.0;0.0;0.0;0.0;0.0;0.0;0.0;0.0
org.apache.hadoop.hbase.util.IncrementingEnvironmentEdge;37.0;0.0;9.0;1.0;2.0;2.0;0.0;0.0;0.0;1.0;0.0;2.0;2.0;3.0;1.0;9.0;4.0;3.0;1.0;0.0;0.0;0.0;0.0;0.0;0.0;0.0;0.0;0.0;0.0;0.0;0.0;0.0;0.0;0.0;0.0;0.0;0.0;0.0;0.0;0.0;0.0;0.0;0.0;0.0;0.0
org.apache.hadoop.hbase.util.ForeignExceptionUtil;71.0;0.0;28.0;1.0;34.0;14.0;0.0;1.0;0.0;0.0;0.0;4.0;4.0;44.0;0.0;0.0;18.0;16.0;2.0;0.0;0.0;0.0;0.0;0.0;0.0;0.0;0.0;0.0;0.0;0.0;0.0;0.0;0.0;0.0;0.0;0.0;0.0;0.0;0.0;0.0;0.0;0.0;0.0;0.0;0.0
org.apache.hadoop.hbase.io.compress.ReusableStreamGzipCodec$ReusableGzipOutputStream$ResetableGZIPOutputStream;66.0;0.0;16.0;3.0;16.0;8.0;9.0;0.8;1.0;2.0;0.0;5.0;2.0;22.0;3.0;16.0;13.0;25.0;3.0;0.0;0.0;0.0;5.0;0.0;0.0;0.0;0.0;1.0;0.0;0.0;5.0;0.0;6.0;0.0;0.0;0.0;0.0;0.0;0.0;0.0;0.0;0.0;0.0;0.0;0.0
org.apache.hadoop.hbase.util.Base64$Base64OutputStream;188.0;0.0;18.0;3.0;13.0;17.0;4.0;0.6833333333333333;0.82;10.0;0.0;6.0;6.0;16.0;0.0;0.0;23.0;35.0;3.0;0.0;0.0;0.0;7.0;0.0;0.0;0.0;1.0;1.0;0.0;2.0;5.0;0.0;3.0;0.0;0.0;0.0;0.0;0.0;0.0;0.0;0.0;0.0;0.0;0.0;0.0
org.apache.hadoop.hbase.io.crypto.Encryption;532.0;0.0;57.0;1.0;82.0;44.0;350.0;0.9444444444444444;0.9807692307692307;2.0;0.0;27.0;26.0;125.0;6.0;51.0;74.0;33.0;7.0;65.0;36.0;4.0;91.0;4.0;20.0;35.0;2.0;1.0;5.0;21.0;11.0;16.0;9.0;0.0;0.0;0.0;1.0;0.0;3.0;0.0;14.0;0.0;0.0;0.0;0.0
org.apache.hadoop.hbase.zookeeper.ZKConfig$ZKClusterKey;21.0;0.0;6.0;1.0;3.0;3.0;3.0;0.6666666666666667;1.0;3.0;0.0;3.0;3.0;1.0;3.0;6.0;6.0;2.0;0.0;0.0;0.0;0.0;0.0;0.0;0.0;0.0;0.0;0.0;0.0;0.0;0.0;0.0;0.0;0.0;0.0;0.0;0.0;0.0;0.0;0.0;0.0;0.0;0.0;0.0;0.0
org.apache.hadoop.hbase.KeyValueTestUtil;153.0;0.0;32.0;1.0;50.0;26.0;0.0;1.0;0.0;0.0;0.0;13.0;6.0;74.0;1.0;31.0;39.0;23.0;6.0;0.0;0.0;0.0;0.0;0.0;0.0;0.0;0.0;0.0;0.0;0.0;0.0;0.0;0.0;0.0;0.0;0.0;0.0;0.0;0.0;0.0;0.0;0.0;0.0;0.0;0.0
org.apache.hadoop.hbase.util.NonceKey;35.0;0.0;12.0;1.0;5.0;9.0;1.0;0.19999999999999996;0.25;2.0;0.0;5.0;5.0;1.0;1.0;11.0;14.0;6.0;1.0;0.0;0.0;0.0;0.0;0.0;0.0;0.0;0.0;0.0;0.0;0.0;0.0;0.0;0.0;0.0;0.0;0.0;0.0;0.0;0.0;0.0;0.0;0.0;0.0;0.0;0.0
org.apache.hadoop.hbase.io.util.StreamUtils;171.0;0.0;20.0;1.0;13.0;47.0;0.0;1.0;0.0;0.0;0.0;9.0;9.0;32.0;9.0;20.0;56.0;38.0;2.0;0.0;0.0;0.0;12.0;0.0;0.0;0.0;1.0;1.0;0.0;4.0;8.0;0.0;0.0;0.0;0.0;0.0;0.0;0.0;0.0;0.0;0.0;0.0;0.0;0.0;0.0
org.apache.hadoop.hbase.util.WeakObjectPool$ObjectReference;6.0;0.0;6.0;3.0;0.0;0.0;0.0;1.0;0.0;1.0;0.0;0.0;0.0;1.0;0.0;0.0;0.0;0.0;0.0;0.0;0.0;0.0;0.0;0.0;0.0;0.0;0.0;0.0;0.0;0.0;0.0;0.0;0.0;0.0;0.0;0.0;0.0;0.0;0.0;0.0;0.0;0.0;0.0;0.0;0.0
org.apache.hadoop.hbase.util.HasThread;66.0;0.0;14.0;1.0;26.0;4.0;13.0;0.0714285714285714;0.07692307692307693;1.0;0.0;14.0;14.0;14.0;1.0;15.0;18.0;2.0;2.0;0.0;0.0;0.0;3.0;0.0;0.0;0.0;0.0;1.0;0.0;0.0;3.0;0.0;0.0;0.0;0.0;0.0;0.0;0.0;0.0;0.0;0.0;0.0;0.0;0.0;0.0
org.apache.hadoop.hbase.io.encoding.BufferedDataBlockEncoder$BufferedDataBlockEncodingState;1.0;0.0;3.0;2.0;0.0;0.0;0.0;1.0;0.0;1.0;0.0;0.0;0.0;1.0;2.0;3.0;0.0;0.0;0.0;0.0;0.0;0.0;0.0;0.0;0.0;0.0;0.0;0.0;0.0;0.0;0.0;0.0;0.0;0.0;0.0;0.0;0.0;0.0;0.0;0.0;0.0;0.0;0.0;0.0;0.0
org.apache.hadoop.hbase.util.SimpleByteRange;146.0;0.0;19.0;2.0;22.0;21.0;0.0;1.0;0.0;0.0;0.0;15.0;15.0;16.0;1.0;16.0;36.0;15.0;4.0;0.0;0.0;0.0;11.0;0.0;0.0;0.0;1.0;0.0;0.0;11.0;0.0;0.0;0.0;0.0;0.0;0.0;0.0;0.0;0.0;0.0;0.0;0.0;0.0;0.0;0.0
org.apache.hadoop.hbase.io.encoding.PrefixKeyDeltaEncoder;183.0;0.0;42.0;2.0;60.0;23.0;0.0;1.0;0.0;0.0;0.0;7.0;4.0;94.0;1.0;45.0;30.0;42.0;4.0;0.0;0.0;0.0;6.0;0.0;0.0;0.0;2.0;2.0;0.0;2.0;5.0;0.0;17.0;0.0;0.0;0.0;0.0;0.0;0.0;0.0;0.0;0.0;0.0;0.0;1.0
org.apache.hadoop.hbase.types.RawString;57.0;0.0;19.0;1.0;22.0;12.0;31.0;0.8518518518518519;0.9583333333333334;3.0;2.0;9.0;9.0;20.0;3.0;16.0;21.0;13.0;2.0;0.0;0.0;0.0;0.0;0.0;0.0;0.0;0.0;0.0;0.0;0.0;0.0;0.0;0.0;0.0;0.0;0.0;0.0;0.0;0.0;0.0;0.0;0.0;0.0;0.0;0.0
org.apache.hadoop.hbase.security.Superusers;95.0;0.0;21.0;1.0;15.0;19.0;3.0;0.6;0.75;5.0;1.0;5.0;5.0;18.0;1.0;21.0;24.0;23.0;1.0;0.0;0.0;0.0;4.0;0.0;0.0;0.0;1.0;1.0;0.0;3.0;1.0;0.0;1.0;0.0;0.0;0.0;0.0;0.0;0.0;0.0;0.0;0.0;0.0;0.0;0.0
org.apache.hadoop.hbase.types.RawStringFixedLength;15.0;0.0;13.0;2.0;0.0;0.0;0.0;1.0;0.0;0.0;0.0;0.0;0.0;2.0;1.0;9.0;0.0;0.0;0.0;0.0;0.0;0.0;0.0;0.0;0.0;0.0;0.0;0.0;0.0;0.0;0.0;0.0;0.0;0.0;0.0;0.0;0.0;0.0;0.0;0.0;0.0;0.0;0.0;0.0;0.0
org.apache.hadoop.hbase.io.encoding.DiffKeyDeltaEncoder;468.0;0.0;44.0;2.0;73.0;60.0;15.0;0.5306122448979591;0.6190476190476191;7.0;0.0;7.0;4.0;140.0;3.0;48.0;67.0;127.0;4.0;0.0;0.0;0.0;5.0;0.0;0.0;0.0;1.0;2.0;0.0;1.0;5.0;0.0;19.0;0.0;0.0;0.0;0.0;0.0;0.0;0.0;0.0;0.0;0.0;0.0;1.0
org.apache.hadoop.hbase.types.RawInteger;51.0;0.0;20.0;1.0;18.0;11.0;0.0;1.0;0.0;0.0;0.0;11.0;11.0;15.0;1.0;17.0;22.0;4.0;3.0;0.0;0.0;0.0;0.0;0.0;0.0;0.0;0.0;0.0;0.0;0.0;0.0;0.0;0.0;0.0;0.0;0.0;0.0;0.0;0.0;0.0;0.0;0.0;0.0;0.0;0.0
org.apache.hadoop.hbase.util.ConcatenatedLists$Iterator;32.0;0.0;17.0;1.0;6.0;8.0;2.0;0.4444444444444444;0.6666666666666666;3.0;0.0;3.0;3.0;13.0;2.0;14.0;11.0;14.0;0.0;0.0;0.0;0.0;2.0;0.0;0.0;0.0;2.0;0.0;0.0;2.0;0.0;0.0;0.0;0.0;0.0;0.0;0.0;0.0;0.0;0.0;0.0;0.0;0.0;0.0;0.0
org.apache.hadoop.hbase.io.encoding.EncodedDataBlock;230.0;0.0;45.0;1.0;45.0;25.0;24.0;0.7916666666666666;0.9047619047619048;6.0;0.0;8.0;6.0;64.0;1.0;49.0;33.0;61.0;5.0;41.0;6.0;3.0;17.0;2.0;2.0;8.0;2.0;1.0;1.0;3.0;2.0;2.0;6.0;0.0;0.0;0.0;0.0;0.0;0.0;0.0;3.0;0.0;0.0;1.0;0.0
org.apache.hadoop.hbase.util.Triple;67.0;0.0;12.0;1.0;12.0;21.0;21.0;0.5;0.5555555555555556;3.0;0.0;10.0;10.0;7.0;1.0;11.0;31.0;15.0;3.0;0.0;0.0;0.0;0.0;0.0;0.0;0.0;0.0;0.0;0.0;0.0;0.0;0.0;0.0;0.0;0.0;0.0;0.0;0.0;0.0;0.0;0.0;0.0;0.0;0.0;0.0
org.apache.hadoop.hbase.io.crypto.Encryption$Context;28.0;0.0;15.0;2.0;7.0;3.0;3.0;1.0;1.5;1.0;1.0;3.0;3.0;7.0;6.0;12.0;6.0;3.0;1.0;0.0;0.0;0.0;0.0;0.0;0.0;0.0;0.0;0.0;0.0;0.0;0.0;0.0;0.0;0.0;0.0;0.0;0.0;0.0;0.0;0.0;0.0;0.0;0.0;0.0;0.0
org.apache.hadoop.hbase.types.CopyOnWriteArrayMap$ArrayEntryIterator;28.0;0.0;19.0;1.0;4.0;3.0;2.0;0.33333333333333337;0.5;2.0;0.0;3.0;3.0;2.0;3.0;16.0;6.0;5.0;0.0;0.0;0.0;0.0;2.0;0.0;0.0;0.0;2.0;0.0;0.0;2.0;0.0;0.0;0.0;0.0;0.0;0.0;0.0;0.0;0.0;0.0;0.0;0.0;0.0;0.0;0.0
org.apache.hadoop.hbase.TagType;8.0;0.0;10.0;1.0;0.0;0.0;0.0;1.0;0.0;5.0;5.0;0.0;0.0;1.0;2.0;10.0;0.0;0.0;0.0;0.0;0.0;0.0;0.0;0.0;0.0;0.0;0.0;0.0;0.0;0.0;0.0;0.0;0.0;0.0;0.0;0.0;0.0;0.0;0.0;0.0;0.0;0.0;0.0;0.0;0.0
org.apache.hadoop.hbase.io.crypto.Context;66.0;1.0;23.0;1.0;17.0;10.0;30.0;0.675;0.75;4.0;0.0;10.0;10.0;12.0;8.0;20.0;20.0;11.0;1.0;0.0;0.0;0.0;1.0;0.0;0.0;0.0;1.0;0.0;0.0;1.0;0.0;0.0;0.0;0.0;0.0;0.0;0.0;0.0;0.0;0.0;0.0;0.0;0.0;0.0;0.0
org.apache.hadoop.hbase.util.Bytes$RowEndKeyComparator;17.0;0.0;13.0;2.0;3.0;10.0;0.0;1.0;0.0;0.0;0.0;2.0;2.0;3.0;2.0;10.0;12.0;11.0;6.0;0.0;0.0;0.0;0.0;0.0;0.0;0.0;0.0;0.0;0.0;0.0;0.0;0.0;0.0;0.0;0.0;0.0;0.0;0.0;0.0;0.0;0.0;0.0;0.0;0.0;0.0
org.apache.hadoop.hbase.util.ArrayUtils;101.0;0.0;15.0;1.0;19.0;41.0;0.0;1.0;0.0;0.0;0.0;13.0;13.0;7.0;0.0;0.0;54.0;9.0;3.0;0.0;0.0;0.0;0.0;0.0;0.0;0.0;0.0;0.0;0.0;0.0;0.0;0.0;0.0;0.0;0.0;0.0;0.0;0.0;0.0;0.0;0.0;0.0;0.0;0.0;0.0
org.apache.hadoop.hbase.util.ClassSize;294.0;0.0;22.0;1.0;22.0;43.0;14.0;0.9615384615384616;1.1538461538461537;26.0;23.0;6.0;4.0;72.0;27.0;34.0;54.0;48.0;2.0;0.0;0.0;0.0;1.0;0.0;0.0;0.0;1.0;0.0;0.0;1.0;0.0;0.0;0.0;0.0;0.0;0.0;0.0;0.0;0.0;0.0;0.0;0.0;0.0;0.0;0.0
org.apache.hadoop.hbase.io.compress.ReusableStreamGzipCodec;153.0;0.0;32.0;2.0;4.0;3.0;0.0;1.0;1.0;1.0;0.0;1.0;1.0;39.0;4.0;33.0;13.0;5.0;1.0;4.0;2.0;7.0;8.0;2.0;2.0;2.0;1.0;1.0;1.0;1.0;1.0;2.0;7.0;0.0;0.0;0.0;0.0;0.0;0.0;0.0;2.0;0.0;0.0;0.0;0.0
org.apache.hadoop.hbase.util.DrainBarrier;102.0;0.0;14.0;1.0;18.0;17.0;29.0;0.7037037037037037;0.7916666666666667;3.0;0.0;9.0;4.0;21.0;0.0;0.0;26.0;13.0;1.0;0.0;0.0;0.0;5.0;0.0;0.0;0.0;1.0;1.0;0.0;2.0;3.0;0.0;2.0;0.0;0.0;0.0;0.0;0.0;0.0;0.0;0.0;0.0;0.0;0.0;0.0
org.apache.hadoop.hbase.util.RetryCounter$RetryConfig;69.0;0.0;8.0;1.0;10.0;10.0;40.0;0.8333333333333334;0.925925925925926;6.0;0.0;10.0;10.0;2.0;6.0;12.0;20.0;3.0;1.0;0.0;0.0;0.0;0.0;0.0;0.0;0.0;0.0;0.0;0.0;0.0;0.0;0.0;0.0;0.0;0.0;0.0;0.0;0.0;0.0;0.0;0.0;0.0;0.0;0.0;0.0
org.apache.hadoop.hbase.types.CopyOnWriteArrayMap$ArrayHolder;88.0;0.0;14.0;1.0;9.0;11.0;0.0;0.24;0.30000000000000004;5.0;0.0;5.0;0.0;11.0;8.0;10.0;16.0;25.0;2.0;0.0;0.0;0.0;0.0;0.0;0.0;0.0;0.0;0.0;0.0;0.0;0.0;0.0;0.0;0.0;0.0;0.0;0.0;0.0;0.0;0.0;0.0;0.0;0.0;0.0;0.0
org.apache.hadoop.hbase.util.ByteBufferArray;166.0;0.0;23.0;1.0;15.0;15.0;15.0;0.8541666666666666;1.025;8.0;0.0;6.0;4.0;28.0;2.0;41.0;25.0;39.0;5.0;14.0;0.0;1.0;8.0;1.0;0.0;6.0;1.0;0.0;0.0;1.0;0.0;0.0;0.0;0.0;0.0;0.0;0.0;0.0;0.0;0.0;1.0;0.0;0.0;0.0;0.0
org.apache.hadoop.hbase.types.StructIterator;46.0;0.0;22.0;1.0;10.0;12.0;3.0;0.25;0.3333333333333333;3.0;0.0;4.0;4.0;13.0;2.0;18.0;16.0;5.0;0.0;0.0;0.0;0.0;3.0;0.0;0.0;0.0;2.0;0.0;0.0;3.0;0.0;0.0;0.0;0.0;0.0;0.0;0.0;0.0;0.0;0.0;0.0;0.0;0.0;0.0;0.0
org.apache.hadoop.hbase.codec.CellCodec;83.0;0.0;25.0;1.0;2.0;2.0;0.0;1.0;0.0;0.0;0.0;2.0;2.0;44.0;3.0;29.0;6.0;2.0;1.0;0.0;0.0;0.0;0.0;0.0;0.0;0.0;0.0;0.0;0.0;0.0;0.0;0.0;9.0;0.0;0.0;0.0;0.0;0.0;0.0;0.0;0.0;0.0;0.0;0.0;0.0
org.apache.hadoop.hbase.io.encoding.BufferedDataBlockEncoder$ClonedSeekerState;188.0;0.0;24.0;1.0;36.0;29.0;305.0;0.9298642533936652;0.9670588235294117;17.0;0.0;26.0;26.0;17.0;0.0;0.0;56.0;5.0;1.0;0.0;0.0;0.0;0.0;0.0;0.0;0.0;0.0;0.0;0.0;0.0;0.0;0.0;0.0;0.0;0.0;0.0;0.0;0.0;0.0;0.0;0.0;0.0;0.0;0.0;0.0
org.apache.hadoop.hbase.util.RetryCounter;148.0;0.0;21.0;1.0;14.0;5.0;6.0;0.5555555555555556;0.6666666666666667;3.0;0.0;6.0;6.0;24.0;6.0;24.0;24.0;8.0;0.0;0.0;0.0;0.0;1.0;0.0;0.0;0.0;0.0;1.0;0.0;0.0;1.0;0.0;0.0;0.0;0.0;0.0;0.0;0.0;0.0;0.0;0.0;0.0;0.0;0.0;0.0
org.apache.hadoop.hbase.types.OrderedBlob;35.0;0.0;18.0;2.0;9.0;6.0;15.0;0.9166666666666666;1.1;2.0;2.0;6.0;6.0;4.0;1.0;14.0;12.0;4.0;4.0;0.0;0.0;0.0;0.0;0.0;0.0;0.0;0.0;0.0;0.0;0.0;0.0;0.0;0.0;0.0;0.0;0.0;0.0;0.0;0.0;0.0;0.0;0.0;0.0;0.0;0.0
org.apache.hadoop.hbase.types.RawStringTerminated;34.0;0.0;13.0;2.0;0.0;0.0;0.0;1.0;0.0;0.0;0.0;0.0;0.0;4.0;1.0;9.0;0.0;0.0;0.0;0.0;0.0;0.0;0.0;0.0;0.0;0.0;0.0;0.0;0.0;0.0;0.0;0.0;0.0;0.0;0.0;0.0;0.0;0.0;0.0;0.0;0.0;0.0;0.0;0.0;0.0
org.apache.hadoop.hbase.io.hadoopbackport.ThrottledInputStream;133.0;0.0;20.0;2.0;19.0;17.0;17.0;0.6833333333333333;0.7592592592592593;6.0;0.0;10.0;9.0;16.0;1.0;24.0;27.0;12.0;4.0;2.0;1.0;0.0;10.0;0.0;1.0;1.0;2.0;1.0;1.0;2.0;6.0;1.0;4.0;0.0;0.0;0.0;0.0;0.0;0.0;0.0;1.0;0.0;0.0;0.0;0.0
org.apache.hadoop.hbase.io.encoding.FastDiffDeltaEncoder$FastDiffSeekerState;15.0;0.0;10.0;2.0;3.0;0.0;0.0;0.0;0.0;3.0;0.0;1.0;0.0;3.0;2.0;13.0;1.0;8.0;1.0;0.0;0.0;0.0;0.0;0.0;0.0;0.0;0.0;0.0;0.0;0.0;0.0;0.0;0.0;0.0;0.0;0.0;0.0;0.0;0.0;0.0;0.0;0.0;0.0;0.0;0.0
org.apache.hadoop.hbase.types.CopyOnWriteArrayMap$ArrayEntrySet;70.0;0.0;20.0;1.0;14.0;4.0;75.0;0.7692307692307692;0.8333333333333334;1.0;0.0;13.0;13.0;3.0;2.0;15.0;17.0;2.0;1.0;0.0;0.0;0.0;9.0;0.0;0.0;0.0;1.0;0.0;0.0;9.0;0.0;0.0;0.0;0.0;0.0;0.0;0.0;0.0;0.0;0.0;0.0;0.0;0.0;0.0;0.0
org.apache.hadoop.hbase.util.SimplePositionedMutableByteRange;276.0;0.0;22.0;3.0;43.0;39.0;0.0;1.0;0.0;0.0;0.0;25.0;25.0;29.0;5.0;19.0;64.0;14.0;4.0;0.0;0.0;0.0;0.0;0.0;0.0;0.0;0.0;0.0;0.0;0.0;0.0;0.0;0.0;0.0;0.0;0.0;0.0;0.0;0.0;0.0;0.0;0.0;0.0;0.0;0.0
org.apache.hadoop.hbase.io.TagCompressionContext;152.0;0.0;33.0;1.0;35.0;17.0;15.0;0.4285714285714286;0.5;1.0;0.0;7.0;6.0;49.0;7.0;32.0;24.0;25.0;4.0;0.0;0.0;0.0;8.0;0.0;0.0;0.0;1.0;1.0;0.0;2.0;6.0;0.0;9.0;0.0;0.0;0.0;0.0;0.0;0.0;0.0;0.0;0.0;0.0;0.0;0.0
org.apache.hadoop.hbase.util.IterableUtils;12.0;0.0;15.0;1.0;1.0;3.0;0.0;0.0;0.0;1.0;0.0;1.0;1.0;2.0;0.0;0.0;4.0;5.0;1.0;0.0;0.0;0.0;0.0;0.0;0.0;0.0;0.0;0.0;0.0;0.0;0.0;0.0;0.0;0.0;0.0;0.0;0.0;0.0;0.0;0.0;0.0;0.0;0.0;0.0;0.0
org.apache.hadoop.hbase.types.OrderedFloat32;39.0;0.0;21.0;2.0;9.0;8.0;20.0;1.0;1.1666666666666667;2.0;2.0;7.0;7.0;5.0;1.0;17.0;15.0;3.0;2.0;0.0;0.0;0.0;1.0;0.0;0.0;0.0;1.0;0.0;0.0;1.0;0.0;0.0;0.0;0.0;0.0;0.0;0.0;0.0;0.0;0.0;0.0;0.0;0.0;0.0;0.0
org.apache.hadoop.hbase.types.OrderedBytesBase;23.0;10.0;16.0;1.0;6.0;5.0;10.0;0.8;1.0;1.0;0.0;5.0;5.0;2.0;11.0;12.0;10.0;2.0;1.0;0.0;0.0;0.0;0.0;0.0;0.0;0.0;0.0;0.0;0.0;0.0;0.0;0.0;0.0;0.0;0.0;0.0;0.0;0.0;0.0;0.0;0.0;0.0;0.0;0.0;0.0
org.apache.hadoop.hbase.io.hfile.HFileContextBuilder;111.0;0.0;18.0;1.0;13.0;13.0;66.0;0.8579881656804733;0.9294871794871794;13.0;1.0;13.0;13.0;15.0;1.0;18.0;26.0;4.0;1.0;0.0;0.0;0.0;0.0;0.0;0.0;0.0;0.0;0.0;0.0;0.0;0.0;0.0;0.0;0.0;0.0;0.0;0.0;0.0;0.0;0.0;0.0;0.0;0.0;0.0;0.0
org.apache.hadoop.hbase.io.crypto.KeyStoreKeyProvider;117.0;0.0;32.0;1.0;29.0;21.0;15.0;0.6190476190476191;0.7222222222222223;3.0;0.0;7.0;3.0;34.0;2.0;30.0;28.0;21.0;2.0;13.0;8.0;2.0;31.0;2.0;8.0;7.0;1.0;1.0;6.0;11.0;3.0;8.0;3.0;0.0;0.0;0.0;0.0;0.0;0.0;0.0;4.0;0.0;0.0;0.0;0.0
org.apache.hadoop.hbase.util.FastLongHistogram;285.0;0.0;20.0;1.0;13.0;10.0;0.0;0.6296296296296297;0.7083333333333333;3.0;2.0;9.0;9.0;43.0;0.0;0.0;55.0;8.0;2.0;0.0;0.0;0.0;0.0;0.0;0.0;0.0;0.0;0.0;0.0;0.0;0.0;0.0;0.0;0.0;0.0;0.0;0.0;0.0;0.0;0.0;0.0;0.0;0.0;0.0;0.0
org.apache.hadoop.hbase.util.RetryCounter$ExponentialBackoffPolicyWithLimit;5.0;0.0;9.0;3.0;4.0;1.0;0.0;1.0;0.0;0.0;0.0;1.0;1.0;5.0;3.0;9.0;2.0;3.0;2.0;0.0;0.0;0.0;0.0;0.0;0.0;0.0;0.0;0.0;0.0;0.0;0.0;0.0;0.0;0.0;0.0;0.0;0.0;0.0;0.0;0.0;0.0;0.0;0.0;0.0;0.0
org.apache.hadoop.hbase.util.UnsafeAvailChecker;55.0;0.0;22.0;1.0;2.0;2.0;1.0;0.75;1.5;4.0;0.0;2.0;2.0;14.0;5.0;22.0;7.0;2.0;0.0;9.0;3.0;0.0;5.0;0.0;2.0;3.0;0.0;0.0;2.0;0.0;0.0;2.0;0.0;0.0;0.0;0.0;0.0;0.0;2.0;0.0;2.0;0.0;0.0;0.0;0.0
org.apache.hadoop.hbase.ChoreService;335.0;0.0;46.0;1.0;59.0;39.0;91.0;0.7592592592592593;0.803921568627451;6.0;1.0;18.0;9.0;94.0;2.0;39.0;61.0;18.0;2.0;6.0;4.0;0.0;5.0;0.0;3.0;2.0;0.0;0.0;1.0;0.0;0.0;1.0;0.0;0.0;1.0;0.0;0.0;0.0;1.0;0.0;1.0;0.0;0.0;0.0;0.0
org.apache.hadoop.hbase.types.CopyOnWriteArrayMap$ArrayKeySet;174.0;0.0;23.0;1.0;34.0;17.0;420.0;0.8;0.8275862068965517;1.0;0.0;30.0;30.0;9.0;2.0;17.0;47.0;9.0;4.0;0.0;0.0;0.0;20.0;0.0;0.0;0.0;1.0;0.0;0.0;20.0;0.0;0.0;0.0;0.0;0.0;0.0;0.0;0.0;0.0;0.0;0.0;0.0;0.0;0.0;0.0
org.apache.hadoop.hbase.util.ByteBufferUtils;497.0;0.0;30.0;1.0;57.0;97.0;322.0;0.9038461538461539;0.94;4.0;0.0;26.0;26.0;97.0;55.0;56.0;123.0;29.0;6.0;0.0;0.0;0.0;10.0;0.0;0.0;0.0;1.0;1.0;0.0;1.0;9.0;0.0;1.0;0.0;0.0;0.0;0.0;0.0;0.0;0.0;0.0;0.0;0.0;0.0;0.0
org.apache.hadoop.hbase.io.encoding.FastDiffDeltaEncoder;465.0;0.0;44.0;2.0;68.0;60.0;25.0;0.6458333333333333;0.738095238095238;6.0;0.0;8.0;4.0;145.0;3.0;48.0;68.0;128.0;4.0;0.0;0.0;0.0;5.0;0.0;0.0;0.0;1.0;2.0;0.0;1.0;5.0;0.0;25.0;0.0;0.0;0.0;0.0;0.0;0.0;0.0;0.0;0.0;0.0;0.0;1.0
org.apache.hadoop.hbase.util.Base64$Base64InputStream;187.0;0.0;17.0;3.0;5.0;36.0;1.0;0.5;1.0;9.0;0.0;2.0;2.0;8.0;0.0;0.0;38.0;93.0;3.0;8.0;4.0;0.0;9.0;0.0;2.0;2.0;1.0;1.0;1.0;3.0;2.0;1.0;1.0;0.0;0.0;0.0;0.0;0.0;0.0;0.0;1.0;0.0;0.0;0.0;0.0
org.apache.hadoop.hbase.KeyValue$MetaComparator;109.0;0.0;15.0;2.0;18.0;37.0;0.0;1.0;0.0;0.0;0.0;7.0;5.0;19.0;2.0;17.0;44.0;50.0;6.0;0.0;0.0;0.0;1.0;0.0;0.0;0.0;0.0;1.0;0.0;0.0;1.0;0.0;0.0;0.0;0.0;0.0;0.0;0.0;0.0;0.0;0.0;0.0;0.0;0.0;0.0
org.apache.hadoop.hbase.io.encoding.EncodingState;5.0;3.0;7.0;1.0;0.0;0.0;0.0;1.0;0.0;1.0;0.0;0.0;0.0;1.0;12.0;10.0;0.0;0.0;0.0;0.0;0.0;0.0;0.0;0.0;0.0;0.0;0.0;0.0;0.0;0.0;0.0;0.0;0.0;0.0;0.0;0.0;0.0;0.0;0.0;0.0;0.0;0.0;0.0;0.0;0.0
org.apache.hadoop.hbase.KeyValueUtil;614.0;0.0;47.0;1.0;125.0;67.0;0.0;1.0;0.0;0.0;0.0;37.0;35.0;182.0;25.0;52.0;104.0;40.0;11.0;0.0;0.0;0.0;9.0;0.0;0.0;0.0;3.0;2.0;0.0;5.0;4.0;0.0;7.0;0.0;0.0;0.0;0.0;0.0;0.0;0.0;0.0;0.0;0.0;0.0;0.0
org.apache.hadoop.hbase.io.ImmutableBytesWritable;226.0;0.0;34.0;1.0;31.0;22.0;32.0;0.3111111111111111;0.3333333333333333;3.0;0.0;15.0;15.0;30.0;2.0;30.0;38.0;13.0;3.0;0.0;0.0;0.0;5.0;0.0;0.0;0.0;1.0;1.0;0.0;3.0;2.0;0.0;0.0;0.0;0.0;0.0;0.0;0.0;0.0;0.0;0.0;0.0;0.0;0.0;0.0
org.apache.hadoop.hbase.types.OrderedInt16;39.0;0.0;21.0;2.0;9.0;8.0;20.0;1.0;1.1666666666666667;2.0;2.0;7.0;7.0;5.0;1.0;17.0;15.0;3.0;2.0;0.0;0.0;0.0;1.0;0.0;0.0;0.0;1.0;0.0;0.0;1.0;0.0;0.0;0.0;0.0;0.0;0.0;0.0;0.0;0.0;0.0;0.0;0.0;0.0;0.0;0.0
org.apache.hadoop.hbase.util.CoprocessorClassLoader;309.0;0.0;49.0;4.0;60.0;39.0;27.0;0.8194444444444444;0.921875;8.0;0.0;9.0;6.0;85.0;1.0;49.0;48.0;44.0;4.0;44.0;20.0;2.0;25.0;2.0;5.0;12.0;3.0;2.0;1.0;3.0;3.0;2.0;1.0;0.0;1.0;0.0;0.0;0.0;0.0;0.0;4.0;0.0;0.0;1.0;0.0
org.apache.hadoop.hbase.KeyValue$RowOnlyComparator;10.0;0.0;7.0;1.0;2.0;1.0;0.0;0.0;0.0;1.0;0.0;1.0;1.0;2.0;0.0;0.0;2.0;2.0;2.0;0.0;0.0;0.0;0.0;0.0;0.0;0.0;0.0;0.0;0.0;0.0;0.0;0.0;0.0;0.0;0.0;0.0;0.0;0.0;0.0;0.0;0.0;0.0;0.0;0.0;0.0
org.apache.hadoop.hbase.io.encoding.BufferedDataBlockEncoder;931.0;4.0;63.0;1.0;46.0;28.0;55.0;1.0;1.1;1.0;0.0;11.0;7.0;202.0;11.0;65.0;156.0;29.0;4.0;13.0;6.0;0.0;33.0;0.0;5.0;5.0;5.0;2.0;2.0;14.0;9.0;5.0;12.0;0.0;1.0;0.0;1.0;0.0;3.0;0.0;5.0;0.0;0.0;0.0;0.0
org.apache.hadoop.hbase.types.OrderedInt32;39.0;0.0;20.0;2.0;9.0;8.0;20.0;1.0;1.1666666666666667;2.0;2.0;7.0;7.0;5.0;1.0;16.0;15.0;3.0;2.0;0.0;0.0;0.0;1.0;0.0;0.0;0.0;1.0;0.0;0.0;1.0;0.0;0.0;0.0;0.0;0.0;0.0;0.0;0.0;0.0;0.0;0.0;0.0;0.0;0.0;0.0
org.apache.hadoop.hbase.util.AbstractHBaseTool;166.0;0.0;34.0;1.0;50.0;20.0;170.0;0.8707482993197279;0.9142857142857143;7.0;0.0;21.0;7.0;41.0;2.0;42.0;41.0;32.0;3.0;9.0;7.0;0.0;15.0;0.0;5.0;5.0;2.0;3.0;2.0;2.0;3.0;3.0;2.0;0.0;0.0;0.0;0.0;0.0;2.0;1.0;3.0;0.0;0.0;0.0;0.0
org.apache.hadoop.hbase.security.User$TestingGroups;23.0;0.0;16.0;2.0;6.0;2.0;0.0;0.25;0.5;2.0;0.0;2.0;1.0;5.0;4.0;15.0;4.0;8.0;2.0;0.0;0.0;0.0;1.0;0.0;0.0;0.0;0.0;1.0;0.0;0.0;1.0;0.0;0.0;0.0;0.0;0.0;0.0;0.0;0.0;0.0;0.0;0.0;0.0;0.0;0.0
org.apache.hadoop.hbase.util.Sleeper;90.0;0.0;15.0;1.0;10.0;10.0;4.0;0.625;0.8333333333333334;6.0;0.0;4.0;4.0;14.0;1.0;15.0;14.0;41.0;1.0;12.0;5.0;0.0;7.0;0.0;3.0;4.0;0.0;0.0;1.0;0.0;0.0;1.0;0.0;0.0;1.0;0.0;0.0;0.0;0.0;0.0;1.0;0.0;0.0;0.0;0.0
org.apache.hadoop.hbase.io.encoding.HFileBlockDefaultEncodingContext;221.0;0.0;37.0;1.0;34.0;18.0;57.0;0.8680555555555556;0.9469696969696969;12.0;0.0;12.0;11.0;46.0;10.0;38.0;32.0;83.0;2.0;3.0;3.0;0.0;7.0;0.0;1.0;1.0;1.0;1.0;1.0;1.0;4.0;1.0;4.0;0.0;0.0;0.0;0.0;0.0;0.0;0.0;1.0;0.0;0.0;0.0;0.0
org.apache.hadoop.hbase.io.util.HeapMemorySizeUtil;121.0;0.0;20.0;1.0;19.0;17.0;7.0;0.65;0.8125;8.0;6.0;5.0;5.0;24.0;0.0;0.0;22.0;26.0;2.0;0.0;0.0;0.0;1.0;0.0;0.0;0.0;1.0;0.0;0.0;1.0;0.0;0.0;0.0;0.0;0.0;0.0;0.0;0.0;0.0;0.0;0.0;0.0;0.0;0.0;0.0
org.apache.hadoop.hbase.io.encoding.CopyKeyDataBlockEncoder;88.0;0.0;35.0;2.0;42.0;11.0;0.0;1.0;0.0;0.0;0.0;5.0;4.0;48.0;1.0;38.0;16.0;30.0;4.0;0.0;0.0;0.0;2.0;0.0;0.0;0.0;0.0;1.0;0.0;0.0;2.0;0.0;2.0;0.0;0.0;0.0;0.0;0.0;0.0;0.0;0.0;0.0;0.0;0.0;0.0
org.apache.hadoop.hbase.util.EnvironmentEdgeManager;47.0;0.0;11.0;1.0;8.0;4.0;5.0;0.5;0.6666666666666666;1.0;0.0;4.0;4.0;5.0;3.0;11.0;8.0;6.0;1.0;0.0;0.0;0.0;0.0;0.0;0.0;0.0;0.0;0.0;0.0;0.0;0.0;0.0;0.0;0.0;0.0;0.0;0.0;0.0;0.0;0.0;0.0;0.0;0.0;0.0;0.0
org.apache.hadoop.hbase.KeyValue$KeyOnlyKeyValue;156.0;0.0;16.0;2.0;40.0;25.0;0.0;1.0;0.0;0.0;0.0;26.0;25.0;27.0;11.0;19.0;51.0;5.0;3.0;0.0;0.0;0.0;3.0;0.0;0.0;0.0;1.0;0.0;0.0;3.0;0.0;0.0;0.0;0.0;0.0;0.0;0.0;0.0;0.0;0.0;0.0;0.0;0.0;0.0;0.0
org.apache.hadoop.hbase.codec.CellCodecWithTags;85.0;0.0;25.0;1.0;2.0;2.0;0.0;1.0;0.0;0.0;0.0;2.0;2.0;49.0;3.0;29.0;6.0;2.0;1.0;0.0;0.0;0.0;0.0;0.0;0.0;0.0;0.0;0.0;0.0;0.0;0.0;0.0;11.0;0.0;0.0;0.0;0.0;0.0;0.0;0.0;0.0;0.0;0.0;0.0;0.0
org.apache.hadoop.hbase.codec.KeyValueCodecWithTags;35.0;0.0;21.0;1.0;2.0;2.0;0.0;1.0;0.0;0.0;0.0;2.0;2.0;6.0;3.0;31.0;5.0;2.0;1.0;0.0;0.0;0.0;0.0;0.0;0.0;0.0;0.0;0.0;0.0;0.0;0.0;0.0;3.0;0.0;0.0;0.0;0.0;0.0;0.0;0.0;0.0;0.0;0.0;0.0;0.0
org.apache.hadoop.hbase.util.DNS;38.0;0.0;15.0;1.0;3.0;4.0;0.0;0.0;0.0;2.0;0.0;1.0;1.0;4.0;2.0;15.0;5.0;13.0;2.0;6.0;3.0;0.0;7.0;0.0;2.0;3.0;1.0;1.0;1.0;1.0;1.0;2.0;0.0;0.0;1.0;0.0;0.0;0.0;2.0;0.0;2.0;0.0;0.0;0.0;0.0
org.apache.hadoop.hbase.codec.KeyValueCodecWithTags$KeyValueDecoder;7.0;0.0;8.0;2.0;2.0;1.0;0.0;1.0;0.0;0.0;0.0;1.0;0.0;2.0;2.0;9.0;2.0;2.0;0.0;0.0;0.0;0.0;1.0;0.0;0.0;0.0;0.0;1.0;0.0;0.0;1.0;0.0;1.0;0.0;0.0;0.0;0.0;0.0;0.0;0.0;0.0;0.0;0.0;0.0;0.0
org.apache.hadoop.hbase.exceptions.IllegalArgumentIOException;15.0;0.0;8.0;3.0;0.0;0.0;0.0;1.0;0.0;0.0;0.0;0.0;0.0;4.0;1.0;8.0;0.0;0.0;0.0;0.0;0.0;0.0;0.0;0.0;0.0;0.0;0.0;0.0;0.0;0.0;0.0;0.0;0.0;0.0;0.0;0.0;0.0;0.0;0.0;0.0;0.0;0.0;0.0;0.0;0.0
org.apache.hadoop.hbase.codec.CodecException;15.0;0.0;8.0;4.0;0.0;0.0;0.0;1.0;0.0;0.0;0.0;0.0;0.0;4.0;2.0;8.0;0.0;0.0;0.0;0.0;0.0;0.0;0.0;0.0;0.0;0.0;0.0;0.0;0.0;0.0;0.0;0.0;0.0;0.0;0.0;0.0;0.0;0.0;0.0;0.0;0.0;0.0;0.0;0.0;0.0
org.apache.hadoop.hbase.types.RawShort;51.0;0.0;21.0;1.0;18.0;11.0;0.0;1.0;0.0;0.0;0.0;11.0;11.0;15.0;1.0;18.0;22.0;4.0;3.0;0.0;0.0;0.0;0.0;0.0;0.0;0.0;0.0;0.0;0.0;0.0;0.0;0.0;0.0;0.0;0.0;0.0;0.0;0.0;0.0;0.0;0.0;0.0;0.0;0.0;0.0
org.apache.hadoop.hbase.NamespaceDescriptor;161.0;0.0;34.0;1.0;19.0;11.0;17.0;0.9204545454545454;1.051948051948052;11.0;9.0;8.0;8.0;45.0;3.0;27.0;26.0;21.0;2.0;0.0;0.0;0.0;1.0;0.0;0.0;0.0;1.0;0.0;0.0;1.0;0.0;0.0;0.0;0.0;0.0;0.0;0.0;0.0;0.0;0.0;0.0;0.0;0.0;0.0;0.0
org.apache.hadoop.hbase.util.BoundedArrayQueue;51.0;0.0;16.0;3.0;7.0;9.0;7.0;0.5833333333333333;0.7;4.0;0.0;6.0;5.0;2.0;0.0;0.0;15.0;6.0;1.0;0.0;0.0;0.0;1.0;0.0;0.0;0.0;1.0;0.0;0.0;1.0;0.0;0.0;0.0;0.0;0.0;0.0;0.0;0.0;0.0;0.0;0.0;0.0;0.0;0.0;0.0
org.apache.hadoop.hbase.util.ExceptionUtil;38.0;0.0;15.0;1.0;7.0;15.0;0.0;1.0;0.0;0.0;0.0;3.0;3.0;5.0;1.0;15.0;18.0;13.0;1.0;0.0;0.0;0.0;2.0;0.0;0.0;0.0;1.0;1.0;0.0;1.0;1.0;0.0;0.0;0.0;0.0;0.0;0.0;0.0;0.0;0.0;0.0;0.0;0.0;0.0;0.0
org.apache.hadoop.hbase.io.encoding.DiffKeyDeltaEncoder$DiffSeekerState;10.0;0.0;8.0;2.0;2.0;0.0;0.0;0.0;0.0;2.0;0.0;1.0;0.0;2.0;2.0;11.0;1.0;5.0;1.0;0.0;0.0;0.0;0.0;0.0;0.0;0.0;0.0;0.0;0.0;0.0;0.0;0.0;0.0;0.0;0.0;0.0;0.0;0.0;0.0;0.0;0.0;0.0;0.0;0.0;0.0
org.apache.hadoop.hbase.util.PrettyPrinter;73.0;0.0;16.0;1.0;8.0;14.0;0.0;1.0;0.0;0.0;0.0;2.0;1.0;32.0;1.0;25.0;16.0;51.0;2.0;0.0;0.0;0.0;0.0;0.0;0.0;0.0;0.0;0.0;0.0;0.0;0.0;0.0;0.0;0.0;0.0;0.0;0.0;0.0;0.0;0.0;0.0;0.0;0.0;0.0;0.0
org.apache.hadoop.hbase.util.Bytes$LexicographicalComparerHolder;200.0;0.0;29.0;1.0;4.0;2.0;0.0;0.5;0.5;2.0;0.0;1.0;0.0;28.0;3.0;23.0;39.0;12.0;0.0;7.0;1.0;0.0;6.0;0.0;2.0;2.0;2.0;0.0;1.0;2.0;0.0;1.0;0.0;0.0;1.0;0.0;0.0;0.0;1.0;0.0;1.0;0.0;0.0;0.0;0.0
org.apache.hadoop.hbase.util.AbstractByteRange;270.0;3.0;20.0;1.0;48.0;43.0;416.0;0.7411764705882353;0.7636363636363637;5.0;1.0;34.0;32.0;23.0;6.0;20.0;77.0;14.0;4.0;0.0;0.0;0.0;0.0;0.0;0.0;0.0;0.0;0.0;0.0;0.0;0.0;0.0;0.0;0.0;0.0;0.0;0.0;0.0;0.0;0.0;0.0;0.0;0.0;0.0;0.0
org.apache.hadoop.hbase.util.Bytes$ByteArrayComparator;15.0;1.0;15.0;1.0;4.0;2.0;0.0;1.0;0.0;0.0;0.0;2.0;2.0;3.0;3.0;12.0;4.0;3.0;6.0;0.0;0.0;0.0;0.0;0.0;0.0;0.0;0.0;0.0;0.0;0.0;0.0;0.0;0.0;0.0;0.0;0.0;0.0;0.0;0.0;0.0;0.0;0.0;0.0;0.0;0.0
org.apache.hadoop.hbase.codec.CellCodec$CellEncoder;35.0;0.0;11.0;2.0;23.0;0.0;0.0;1.0;0.0;0.0;0.0;2.0;1.0;29.0;2.0;11.0;2.0;16.0;3.0;0.0;0.0;0.0;2.0;0.0;0.0;0.0;0.0;1.0;0.0;0.0;2.0;0.0;5.0;0.0;0.0;0.0;0.0;0.0;0.0;0.0;0.0;0.0;0.0;0.0;0.0
org.apache.hadoop.hbase.util.ReadOnlyByteRangeException;4.0;0.0;8.0;3.0;0.0;0.0;0.0;1.0;0.0;0.0;0.0;0.0;0.0;1.0;3.0;5.0;0.0;0.0;0.0;0.0;0.0;0.0;0.0;0.0;0.0;0.0;0.0;0.0;0.0;0.0;0.0;0.0;0.0;0.0;0.0;0.0;0.0;0.0;0.0;0.0;0.0;0.0;0.0;0.0;0.0
org.apache.hadoop.hbase.BaseConfigurable;13.0;1.0;9.0;1.0;2.0;1.0;0.0;0.0;0.0;1.0;0.0;2.0;2.0;1.0;2.0;9.0;3.0;2.0;1.0;0.0;0.0;0.0;0.0;0.0;0.0;0.0;0.0;0.0;0.0;0.0;0.0;0.0;0.0;0.0;0.0;0.0;0.0;0.0;0.0;0.0;0.0;0.0;0.0;0.0;0.0
org.apache.hadoop.hbase.util.ReflectionUtils;154.0;0.0;48.0;1.0;46.0;37.0;20.0;0.8571428571428572;1.0;2.0;0.0;7.0;4.0;71.0;3.0;47.0;44.0;37.0;3.0;7.0;12.0;0.0;17.0;0.0;6.0;5.0;1.0;0.0;6.0;6.0;0.0;6.0;0.0;0.0;1.0;0.0;0.0;0.0;0.0;0.0;3.0;0.0;0.0;0.0;0.0
org.apache.hadoop.hbase.util.VersionInfo;95.0;0.0;20.0;1.0;28.0;11.0;51.0;0.7777777777777778;0.8484848484848485;3.0;0.0;12.0;10.0;24.0;2.0;20.0;23.0;7.0;1.0;0.0;0.0;0.0;0.0;0.0;0.0;0.0;0.0;0.0;0.0;0.0;0.0;0.0;0.0;0.0;0.0;0.0;0.0;0.0;0.0;0.0;0.0;0.0;0.0;0.0;0.0
org.apache.hadoop.hbase.ProcedureInfo;258.0;0.0;37.0;1.0;74.0;40.0;305.0;0.8720538720538721;0.9055944055944056;11.0;0.0;27.0;26.0;83.0;0.0;0.0;67.0;31.0;2.0;0.0;0.0;0.0;0.0;0.0;0.0;0.0;0.0;0.0;0.0;0.0;0.0;0.0;0.0;0.0;0.0;0.0;0.0;0.0;0.0;0.0;0.0;0.0;0.0;0.0;0.0
org.apache.hadoop.hbase.util.Base64;1564.0;0.0;47.0;1.0;57.0;94.0;172.0;0.8978260869565218;0.9386363636363636;20.0;7.0;23.0;17.0;127.0;0.0;0.0;170.0;75.0;6.0;143.0;61.0;121.0;114.0;25.0;42.0;42.0;1.0;0.0;4.0;5.0;0.0;35.0;8.0;0.0;5.0;2.0;0.0;0.0;19.0;0.0;32.0;0.0;0.0;4.0;0.0
org.apache.hadoop.hbase.io.util.LRUDictionary;180.0;0.0;20.0;1.0;10.0;6.0;0.0;0.0;0.0;1.0;0.0;5.0;5.0;25.0;7.0;23.0;32.0;6.0;3.0;0.0;0.0;0.0;0.0;0.0;0.0;0.0;0.0;0.0;0.0;0.0;0.0;0.0;0.0;0.0;0.0;0.0;0.0;0.0;0.0;0.0;0.0;0.0;0.0;0.0;0.0
org.apache.hadoop.hbase.util.Counter;158.0;0.0;26.0;1.0;20.0;17.0;15.0;0.6428571428571428;0.75;2.0;0.0;7.0;6.0;36.0;3.0;22.0;26.0;36.0;1.0;0.0;0.0;0.0;0.0;0.0;0.0;0.0;0.0;0.0;0.0;0.0;0.0;0.0;0.0;0.0;0.0;0.0;0.0;0.0;0.0;0.0;0.0;0.0;0.0;0.0;0.0
org.apache.hadoop.hbase.CellComparator$RowComparator;4.0;0.0;5.0;2.0;2.0;1.0;0.0;1.0;0.0;0.0;0.0;1.0;1.0;2.0;0.0;0.0;2.0;2.0;2.0;0.0;0.0;0.0;0.0;0.0;0.0;0.0;0.0;0.0;0.0;0.0;0.0;0.0;0.0;0.0;0.0;0.0;0.0;0.0;0.0;0.0;0.0;0.0;0.0;0.0;0.0
org.apache.hadoop.hbase.codec.BaseEncoder;25.0;4.0;16.0;1.0;5.0;4.0;4.0;0.5;0.6666666666666666;2.0;0.0;4.0;2.0;2.0;9.0;16.0;8.0;4.0;1.0;0.0;0.0;0.0;4.0;0.0;0.0;0.0;1.0;2.0;0.0;1.0;3.0;0.0;0.0;0.0;0.0;0.0;0.0;0.0;0.0;0.0;0.0;0.0;0.0;0.0;0.0
org.apache.hadoop.hbase.util.ClassLoaderBase;41.0;2.0;14.0;3.0;3.0;4.0;0.0;0.75;0.75;4.0;0.0;1.0;0.0;4.0;3.0;9.0;5.0;12.0;1.0;0.0;0.0;0.0;0.0;0.0;0.0;0.0;0.0;0.0;0.0;0.0;0.0;0.0;0.0;0.0;0.0;0.0;0.0;0.0;0.0;0.0;0.0;0.0;0.0;0.0;0.0
org.apache.hadoop.hbase.types.OrderedInt8;39.0;0.0;21.0;2.0;9.0;8.0;20.0;1.0;1.1666666666666667;2.0;2.0;7.0;7.0;5.0;1.0;17.0;15.0;3.0;2.0;0.0;0.0;0.0;1.0;0.0;0.0;0.0;1.0;0.0;0.0;1.0;0.0;0.0;0.0;0.0;0.0;0.0;0.0;0.0;0.0;0.0;0.0;0.0;0.0;0.0;0.0
org.apache.hadoop.hbase.io.hfile.HFileContext;205.0;0.0;26.0;1.0;32.0;19.0;230.0;0.903010033444816;0.9440559440559441;13.0;1.0;23.0;23.0;32.0;14.0;26.0;43.0;15.0;1.0;1.0;1.0;0.0;4.0;0.0;1.0;2.0;1.0;0.0;1.0;1.0;0.0;1.0;0.0;0.0;1.0;0.0;1.0;0.0;0.0;0.0;1.0;0.0;0.0;0.0;0.0
org.apache.hadoop.hbase.util.Addressing;130.0;0.0;25.0;1.0;28.0;26.0;33.0;0.8333333333333334;0.9375;2.0;2.0;9.0;8.0;28.0;2.0;23.0;35.0;19.0;2.0;1.0;1.0;0.0;9.0;0.0;1.0;1.0;2.0;1.0;1.0;3.0;4.0;1.0;3.0;0.0;1.0;0.0;0.0;0.0;0.0;0.0;1.0;0.0;0.0;0.0;0.0
org.apache.hadoop.hbase.util.Classes;51.0;0.0;20.0;1.0;8.0;22.0;0.0;1.0;0.0;0.0;0.0;2.0;2.0;16.0;2.0;20.0;24.0;22.0;1.0;0.0;0.0;0.0;1.0;0.0;0.0;0.0;0.0;1.0;0.0;0.0;1.0;0.0;0.0;0.0;0.0;0.0;0.0;0.0;0.0;0.0;0.0;0.0;0.0;0.0;0.0
org.apache.hadoop.hbase.util.Counter$Cell;27.0;0.0;9.0;1.0;3.0;2.0;0.0;0.90625;1.8125;16.0;0.0;2.0;0.0;4.0;3.0;8.0;4.0;3.0;1.0;0.0;0.0;0.0;0.0;0.0;0.0;0.0;0.0;0.0;0.0;0.0;0.0;0.0;0.0;0.0;0.0;0.0;0.0;0.0;0.0;0.0;0.0;0.0;0.0;0.0;0.0
org.apache.hadoop.hbase.ScheduledChore;324.0;0.0;27.0;1.0;51.0;40.0;293.0;0.9166666666666666;0.9533333333333333;12.0;0.0;26.0;13.0;45.0;4.0;28.0;66.0;24.0;1.0;5.0;5.0;0.0;6.0;0.0;3.0;3.0;0.0;0.0;1.0;0.0;0.0;1.0;0.0;0.0;0.0;0.0;0.0;0.0;1.0;0.0;1.0;0.0;0.0;0.0;0.0